match_id,date,season,round,team,opponent,is_home,own_score,opp_score,result,tries,tackles_attempted,tackles_made,tackle_success_rate,carries,carry_metres,lineout_throws,lineout_won,lineout_success_rate,scrum_attempts,scrum_won,scrum_success_rate,turnovers_conceded,turnovers_won,penalties_conceded,yellow_cards,red_cards,possession_seconds,line_breaks,entries_22,entries_22_tries
939845,2023-12-09,2024,1,BlackRams Tokyo,Toyota Verblitz,N,8,15,L,1,184,159,0.8641,101,498.0,16,15,0.9375,72,64,0.8889,6,12,17,0,0,923.6,0,7,1
939844,2023-12-09,2024,1,Hanazono Kintetsu Liners,Mitsubishi Sagamihara Dynaboars,N,29,30,L,4,186,160,0.8602,96,575.0,15,12,0.8,55,47,0.8545,10,6,12,0,0,782.0,5,9,4
939846,2023-12-09,2024,1,Kobelco Kobe Steelers,Mie Honda Heat,Y,80,15,W,12,158,144,0.9114,150,1305.0,13,9,0.6923,24,24,1.0,11,9,8,0,0,946.4,11,14,12
939846,2023-12-09,2024,1,Mie Honda Heat,Kobelco Kobe Steelers,N,15,80,L,2,179,139,0.7765,104,808.0,8,6,0.75,72,56,0.7778,9,11,9,2,0,881.4,2,8,2
939844,2023-12-09,2024,1,Mitsubishi Sagamihara Dynaboars,Hanazono Kintetsu Liners,Y,30,29,W,3,121,98,0.8099,132,800.0,15,14,0.9333,40,40,1.0,6,10,10,0,0,1115.2,5,9,3
939848,2023-12-09,2024,1,Shizuoka BlueRevs,Toshiba Brave Lupus Tokyo,N,30,43,L,3,228,186,0.8158,120,929.0,6,4,0.6667,48,48,1.0,10,11,7,0,0,933.5,9,9,3
939848,2023-12-09,2024,1,Toshiba Brave Lupus Tokyo,Shizuoka BlueRevs,Y,43,30,W,7,181,153,0.8453,156,1384.0,12,9,0.75,56,56,1.0,11,10,10,0,0,1222.5,9,9,7
939845,2023-12-09,2024,1,Toyota Verblitz,BlackRams Tokyo,Y,15,8,W,2,124,114,0.9194,119,842.0,15,12,0.8,51,51,1.0,12,6,14,1,0,895.2,5,10,2
939849,2023-12-10,2024,1,Kubota Spears,Tokyo Sungoliath,Y,26,52,L,4,169,139,0.8225,110,791.0,14,14,1.0,40,32,0.8,15,8,4,0,0,765.4,13,9,4
939847,2023-12-10,2024,1,Saitama Wild Knights,Yokohama Canon Eagles,Y,53,12,W,8,188,154,0.8191,124,842.0,9,8,0.8889,72,64,0.8889,6,18,13,0,0,967.4,14,10,8
939849,2023-12-10,2024,1,Tokyo Sungoliath,Kubota Spears,N,52,26,W,8,150,110,0.7333,102,754.0,15,13,0.8667,96,96,1.0,8,15,7,0,0,922.9,14,12,8
939847,2023-12-10,2024,1,Yokohama Canon Eagles,Saitama Wild Knights,N,12,53,L,2,161,123,0.764,141,738.0,15,11,0.7333,48,48,1.0,18,6,6,0,0,1142.8,6,10,2
939852,2023-12-16,2024,2,BlackRams Tokyo,Mitsubishi Sagamihara Dynaboars,Y,17,25,L,2,154,129,0.8377,129,580.0,17,15,0.8824,55,55,1.0,15,12,7,2,0,1041.1,4,7,2
939850,2023-12-16,2024,2,Kubota Spears,Mie Honda Heat,N,75,0,W,11,114,96,0.8421,164,1132.0,18,16,0.8889,72,72,1.0,8,14,7,0,0,1119.2,18,20,11
939850,2023-12-16,2024,2,Mie Honda Heat,Kubota Spears,Y,0,75,L,0,194,151,0.7784,87,543.0,13,10,0.7692,40,32,0.8,14,8,11,0,0,723.9,7,3,0
939852,2023-12-16,2024,2,Mitsubishi Sagamihara Dynaboars,BlackRams Tokyo,N,25,17,W,3,154,130,0.8442,117,740.0,12,12,1.0,56,56,1.0,12,15,13,1,0,976.6,6,9,3
939851,2023-12-16,2024,2,Toyota Verblitz,Yokohama Canon Eagles,N,22,24,L,3,181,159,0.8785,145,867.0,13,11,0.8462,72,72,1.0,15,15,10,0,0,1055.3,7,10,3
939851,2023-12-16,2024,2,Yokohama Canon Eagles,Toyota Verblitz,Y,24,22,W,3,181,135,0.7459,133,820.0,11,10,0.9091,86,86,1.0,15,15,8,1,0,1093.8,8,9,3
939855,2023-12-17,2024,2,Hanazono Kintetsu Liners,Saitama Wild Knights,Y,0,49,L,0,207,174,0.8406,91,487.0,15,9,0.6,80,72,0.9,16,15,17,0,0,746.0,2,4,0
939854,2023-12-17,2024,2,Kobelco Kobe Steelers,Shizuoka BlueRevs,N,30,26,W,4,213,186,0.8732,118,841.0,11,10,0.9091,72,48,0.6667,12,16,14,0,0,842.8,7,12,4
939855,2023-12-17,2024,2,Saitama Wild Knights,Hanazono Kintetsu Liners,N,49,0,W,8,127,114,0.8976,160,1070.0,19,16,0.8421,64,56,0.875,15,16,10,0,0,1150.3,11,19,8
939854,2023-12-17,2024,2,Shizuoka BlueRevs,Kobelco Kobe Steelers,Y,26,30,L,3,177,143,0.8079,170,943.0,11,10,0.9091,47,47,1.0,16,12,11,1,0,1118.1,4,12,3
939853,2023-12-17,2024,2,Tokyo Sungoliath,Toshiba Brave Lupus Tokyo,Y,19,26,L,1,188,152,0.8085,155,874.0,14,13,0.9286,72,72,1.0,13,13,7,0,0,1153.3,3,9,1
939853,2023-12-17,2024,2,Toshiba Brave Lupus Tokyo,Tokyo Sungoliath,N,26,19,W,4,245,219,0.8939,122,751.0,11,10,0.9091,40,40,1.0,13,13,14,0,0,952.1,4,5,4
939856,2023-12-23,2024,3,BlackRams Tokyo,Saitama Wild Knights,N,17,44,L,2,183,147,0.8033,116,700.0,11,6,0.5455,88,64,0.7273,6,15,13,0,0,941.1,4,7,2
939857,2023-12-23,2024,3,Hanazono Kintetsu Liners,Yokohama Canon Eagles,N,26,66,L,4,163,129,0.7914,83,591.0,11,10,0.9091,30,15,0.5,9,4,16,1,0,634.5,6,6,4
939858,2023-12-23,2024,3,Mitsubishi Sagamihara Dynaboars,Toyota Verblitz,N,40,54,L,6,181,155,0.8564,109,672.0,13,9,0.6923,32,32,1.0,10,10,9,0,0,887.2,4,8,6
939856,2023-12-23,2024,3,Saitama Wild Knights,BlackRams Tokyo,Y,44,17,W,7,137,118,0.8613,139,1057.0,18,16,0.8889,40,40,1.0,15,6,8,0,0,1054.2,13,14,7
939858,2023-12-23,2024,3,Toyota Verblitz,Mitsubishi Sagamihara Dynaboars,Y,54,40,W,8,147,132,0.898,144,833.0,16,14,0.875,56,56,1.0,10,10,5,0,0,1083.3,8,10,8
939857,2023-12-23,2024,3,Yokohama Canon Eagles,Hanazono Kintetsu Liners,Y,66,26,W,10,101,83,0.8218,124,836.0,18,18,1.0,32,24,0.75,4,9,8,1,0,1173.3,11,12,10
939861,2023-12-24,2024,3,Kobelco Kobe Steelers,Toshiba Brave Lupus Tokyo,Y,39,46,L,5,160,135,0.8438,143,984.0,15,12,0.8,56,56,1.0,16,7,6,0,0,991.5,10,14,5
939860,2023-12-24,2024,3,Kubota Spears,Shizuoka BlueRevs,Y,19,23,L,3,216,192,0.8889,111,751.0,7,6,0.8571,62,54,0.871,14,16,22,1,0,804.8,10,8,3
939859,2023-12-24,2024,3,Mie Honda Heat,Tokyo Sungoliath,Y,16,34,L,2,192,168,0.875,122,837.0,11,9,0.8182,48,40,0.8333,13,7,8,1,0,977.6,4,6,2
939860,2023-12-24,2024,3,Shizuoka BlueRevs,Kubota Spears,N,23,19,W,3,137,111,0.8102,149,845.0,22,19,0.8636,96,96,1.0,16,14,3,0,0,1176.1,5,9,3
939859,2023-12-24,2024,3,Tokyo Sungoliath,Mie Honda Heat,N,34,16,W,6,176,155,0.8807,137,932.0,16,13,0.8125,48,48,1.0,7,13,10,0,0,1088.1,7,13,6
939861,2023-12-24,2024,3,Toshiba Brave Lupus Tokyo,Kobelco Kobe Steelers,N,46,39,W,6,211,177,0.8389,110,714.0,8,8,1.0,56,48,0.8571,7,16,10,0,0,827.4,4,9,6
939864,2024-01-06,2024,4,BlackRams Tokyo,Hanazono Kintetsu Liners,Y,41,14,W,6,89,81,0.9101,103,674.0,16,15,0.9375,96,80,0.8333,10,13,5,0,0,1129.5,4,11,6
939864,2024-01-06,2024,4,Hanazono Kintetsu Liners,BlackRams Tokyo,N,14,41,L,2,125,106,0.848,74,471.0,9,6,0.6667,56,48,0.8571,13,10,17,2,0,692.1,4,4,2
939863,2024-01-06,2024,4,Kobelco Kobe Steelers,Tokyo Sungoliath,N,36,44,L,6,158,140,0.8861,127,1072.0,20,18,0.9,40,40,1.0,17,9,9,0,0,1064.0,7,9,6
939862,2024-01-06,2024,4,Saitama Wild Knights,Toyota Verblitz,Y,43,27,W,6,175,152,0.8686,122,831.0,12,10,0.8333,40,32,0.8,10,13,9,0,0,955.0,10,13,6
939863,2024-01-06,2024,4,Tokyo Sungoliath,Kobelco Kobe Steelers,Y,44,36,W,5,183,149,0.8142,123,829.0,14,14,1.0,32,32,1.0,9,17,13,1,0,983.1,5,11,5
939862,2024-01-06,2024,4,Toyota Verblitz,Saitama Wild Knights,N,27,43,L,4,151,127,0.8411,135,700.0,19,17,0.8947,64,56,0.875,13,10,11,0,0,969.6,8,12,4
939865,2024-01-07,2024,4,Kubota Spears,Toshiba Brave Lupus Tokyo,N,20,24,L,2,173,154,0.8902,109,642.0,15,13,0.8667,40,40,1.0,10,11,6,0,0,954.3,4,7,2
939867,2024-01-07,2024,4,Mie Honda Heat,Shizuoka BlueRevs,Y,13,62,L,1,251,202,0.8048,107,713.0,8,7,0.875,48,48,1.0,14,12,13,1,0,710.7,5,5,1
939866,2024-01-07,2024,4,Mitsubishi Sagamihara Dynaboars,Yokohama Canon Eagles,Y,35,40,L,4,146,128,0.8767,89,524.0,13,12,0.9231,24,24,1.0,10,6,13,2,0,807.1,5,7,4
939867,2024-01-07,2024,4,Shizuoka BlueRevs,Mie Honda Heat,N,62,13,W,10,138,117,0.8478,192,1197.0,14,13,0.9286,64,64,1.0,12,14,6,0,0,1229.0,7,15,10
939865,2024-01-07,2024,4,Toshiba Brave Lupus Tokyo,Kubota Spears,Y,24,20,W,3,124,108,0.871,142,715.0,14,12,0.8571,56,48,0.8571,11,10,4,1,0,1100.7,2,7,3
939866,2024-01-07,2024,4,Yokohama Canon Eagles,Mitsubishi Sagamihara Dynaboars,N,40,35,W,5,140,126,0.9,118,816.0,16,14,0.875,72,64,0.8889,6,10,5,0,0,1033.2,8,14,5
939869,2024-01-13,2024,5,BlackRams Tokyo,Yokohama Canon Eagles,N,8,24,L,1,225,198,0.88,78,471.0,16,12,0.75,24,24,1.0,11,8,16,1,0,826.5,2,7,1
939872,2024-01-13,2024,5,Mitsubishi Sagamihara Dynaboars,Saitama Wild Knights,Y,21,81,L,3,237,200,0.8439,86,616.0,15,10,0.6667,8,8,1.0,6,7,12,0,0,747.5,4,5,3
939872,2024-01-13,2024,5,Saitama Wild Knights,Mitsubishi Sagamihara Dynaboars,N,81,21,W,12,116,104,0.8966,167,1452.0,14,14,1.0,56,56,1.0,7,6,6,0,0,1249.6,16,14,12
939870,2024-01-13,2024,5,Shizuoka BlueRevs,Tokyo Sungoliath,Y,25,29,L,4,223,195,0.8744,112,667.0,9,8,0.8889,94,78,0.8298,7,9,12,1,0,890.4,4,9,4
939870,2024-01-13,2024,5,Tokyo Sungoliath,Shizuoka BlueRevs,N,29,25,W,5,198,163,0.8232,147,865.0,18,16,0.8889,32,32,1.0,9,7,11,1,0,1060.0,7,8,5
939869,2024-01-13,2024,5,Yokohama Canon Eagles,BlackRams Tokyo,Y,24,8,W,3,108,94,0.8704,131,1011.0,20,18,0.9,80,72,0.9,8,11,10,0,0,1246.1,4,10,3
939873,2024-01-14,2024,5,Hanazono Kintetsu Liners,Toyota Verblitz,Y,14,47,L,2,164,127,0.7744,92,584.0,13,9,0.6923,64,56,0.875,14,10,17,1,0,849.8,6,9,2
939871,2024-01-14,2024,5,Kobelco Kobe Steelers,Kubota Spears,Y,34,38,L,5,132,121,0.9167,121,792.0,14,12,0.8571,32,32,1.0,9,4,10,0,0,962.7,5,10,5
939871,2024-01-14,2024,5,Kubota Spears,Kobelco Kobe Steelers,N,38,34,W,4,191,164,0.8586,84,480.0,9,8,0.8889,40,32,0.8,4,9,10,0,0,795.4,3,8,4
939868,2024-01-14,2024,5,Mie Honda Heat,Toshiba Brave Lupus Tokyo,N,12,40,L,2,202,181,0.896,137,838.0,16,15,0.9375,64,56,0.875,9,10,13,1,0,979.2,10,7,2
939868,2024-01-14,2024,5,Toshiba Brave Lupus Tokyo,Mie Honda Heat,Y,40,12,W,6,198,164,0.8283,124,764.0,18,15,0.8333,32,32,1.0,10,9,10,0,0,927.8,6,12,6
939873,2024-01-14,2024,5,Toyota Verblitz,Hanazono Kintetsu Liners,N,47,14,W,7,119,97,0.8151,114,631.0,19,16,0.8421,48,40,0.8333,10,14,5,1,0,1140.7,6,11,7
939874,2024-01-20,2024,6,Mie Honda Heat,Saitama Wild Knights,N,12,70,L,2,199,171,0.8593,124,660.0,9,8,0.8889,24,24,1.0,12,5,15,1,0,998.3,5,4,2
939875,2024-01-20,2024,6,Mitsubishi Sagamihara Dynaboars,Tokyo Sungoliath,Y,34,36,L,5,191,169,0.8848,91,693.0,14,10,0.7143,32,24,0.75,5,8,13,0,0,1036.6,5,5,5
939874,2024-01-20,2024,6,Saitama Wild Knights,Mie Honda Heat,Y,70,12,W,10,172,156,0.907,129,820.0,15,14,0.9333,31,31,1.0,5,12,6,1,0,1128.6,9,15,10
939875,2024-01-20,2024,6,Tokyo Sungoliath,Mitsubishi Sagamihara Dynaboars,N,36,34,W,5,150,124,0.8267,129,709.0,18,15,0.8333,40,32,0.8,8,5,6,0,0,1232.6,4,8,5
939877,2024-01-27,2024,6,BlackRams Tokyo,Kubota Spears,Y,17,18,L,3,171,150,0.8772,102,787.0,11,11,1.0,72,72,1.0,12,12,8,0,0,986.6,10,5,3
939878,2024-01-27,2024,6,Hanazono Kintetsu Liners,Shizuoka BlueRevs,N,12,50,L,2,136,100,0.7353,97,672.0,9,8,0.8889,88,80,0.9091,12,13,17,1,1,716.2,3,7,2
939879,2024-01-27,2024,6,Kobelco Kobe Steelers,Yokohama Canon Eagles,N,31,27,W,4,193,172,0.8912,88,631.0,13,9,0.6923,32,24,0.75,8,8,14,1,0,750.9,4,8,4
939877,2024-01-27,2024,6,Kubota Spears,BlackRams Tokyo,N,18,17,W,2,155,133,0.8581,112,701.0,18,15,0.8333,72,72,1.0,12,12,6,1,0,966.8,7,12,2
939878,2024-01-27,2024,6,Shizuoka BlueRevs,Hanazono Kintetsu Liners,Y,50,12,W,8,145,126,0.869,107,955.0,11,11,1.0,88,80,0.9091,13,12,7,0,0,891.1,16,14,8
939876,2024-01-27,2024,6,Toshiba Brave Lupus Tokyo,Toyota Verblitz,N,28,12,W,3,135,119,0.8815,124,941.0,18,15,0.8333,48,48,1.0,15,12,8,0,0,1042.4,8,10,3
939876,2024-01-27,2024,6,Toyota Verblitz,Toshiba Brave Lupus Tokyo,Y,12,28,L,2,203,165,0.8128,89,526.0,15,13,0.8667,56,48,0.8571,12,15,19,2,0,955.0,6,8,2
939879,2024-01-27,2024,6,Yokohama Canon Eagles,Kobelco Kobe Steelers,Y,27,31,L,3,142,123,0.8662,124,873.0,15,14,0.9333,56,56,1.0,8,8,10,0,0,1208.5,4,11,3
939881,2024-02-17,2024,7,Mie Honda Heat,Toyota Verblitz,N,7,54,L,1,236,203,0.8602,85,439.0,8,8,1.0,88,72,0.8182,9,12,15,1,0,702.0,2,3,1
939880,2024-02-17,2024,7,Saitama Wild Knights,Tokyo Sungoliath,Y,24,20,W,2,189,169,0.8942,126,909.0,11,6,0.5455,56,56,1.0,9,10,6,0,0,1152.0,9,11,2
939880,2024-02-17,2024,7,Tokyo Sungoliath,Saitama Wild Knights,N,20,24,L,2,186,155,0.8333,138,863.0,18,9,0.5,32,32,1.0,10,9,13,0,0,1057.6,8,9,2
939881,2024-02-17,2024,7,Toyota Verblitz,Mie Honda Heat,Y,54,7,W,8,116,103,0.8879,146,974.0,18,16,0.8889,64,64,1.0,12,9,7,0,0,1223.3,17,15,8
939884,2024-02-24,2024,7,Hanazono Kintetsu Liners,Kubota Spears,Y,19,56,L,3,141,113,0.8014,88,660.0,15,12,0.8,72,64,0.8889,13,13,8,0,0,800.1,7,9,3
939884,2024-02-24,2024,7,Kubota Spears,Hanazono Kintetsu Liners,N,56,19,W,9,120,103,0.8583,109,944.0,10,10,1.0,56,56,1.0,13,13,7,0,0,927.6,13,14,9
939883,2024-02-24,2024,7,Mitsubishi Sagamihara Dynaboars,Shizuoka BlueRevs,Y,53,45,W,7,175,155,0.8857,129,707.0,8,6,0.75,48,48,1.0,8,9,9,1,0,1175.4,7,11,7
939883,2024-02-24,2024,7,Shizuoka BlueRevs,Mitsubishi Sagamihara Dynaboars,N,45,53,L,7,222,192,0.8649,126,782.0,13,9,0.6923,47,31,0.6596,9,8,7,2,0,989.8,7,12,7
939882,2024-02-24,2024,7,Toshiba Brave Lupus Tokyo,Yokohama Canon Eagles,Y,27,7,W,4,209,175,0.8373,81,851.0,14,13,0.9286,96,72,0.75,13,16,15,0,0,781.4,8,12,4
939882,2024-02-24,2024,7,Yokohama Canon Eagles,Toshiba Brave Lupus Tokyo,N,7,27,L,1,123,100,0.813,118,788.0,14,11,0.7857,70,70,1.0,16,13,10,1,0,1124.7,4,9,1
939885,2024-02-25,2024,7,BlackRams Tokyo,Kobelco Kobe Steelers,Y,17,27,L,2,161,144,0.8944,133,751.0,6,6,1.0,80,80,1.0,15,13,15,1,0,1278.2,3,5,2
939885,2024-02-25,2024,7,Kobelco Kobe Steelers,BlackRams Tokyo,N,27,17,W,3,211,182,0.8626,96,450.0,21,16,0.7619,24,24,1.0,13,15,6,0,0,1009.7,4,15,3
939886,2024-03-01,2024,8,Mie Honda Heat,Yokohama Canon Eagles,Y,21,50,L,3,137,106,0.7737,134,775.0,13,13,1.0,24,24,1.0,9,6,11,2,0,1156.0,6,7,3
939886,2024-03-01,2024,8,Yokohama Canon Eagles,Mie Honda Heat,N,50,21,W,8,219,189,0.863,105,653.0,16,16,1.0,24,24,1.0,6,9,6,0,0,967.5,8,11,8
939887,2024-03-02,2024,8,BlackRams Tokyo,Tokyo Sungoliath,N,0,62,L,0,204,169,0.8284,98,700.0,11,9,0.8182,32,24,0.75,17,7,20,1,0,889.0,5,5,0
939889,2024-03-02,2024,8,Hanazono Kintetsu Liners,Toshiba Brave Lupus Tokyo,Y,32,50,L,5,212,183,0.8632,104,723.0,17,16,0.9412,48,40,0.8333,9,7,12,0,0,870.4,10,12,5
939888,2024-03-02,2024,8,Saitama Wild Knights,Shizuoka BlueRevs,N,45,19,W,7,227,191,0.8414,149,908.0,13,13,1.0,48,48,1.0,13,13,9,0,0,1193.2,13,12,7
939888,2024-03-02,2024,8,Shizuoka BlueRevs,Saitama Wild Knights,Y,19,45,L,3,274,231,0.8431,134,779.0,14,9,0.6429,48,48,1.0,13,13,10,0,0,974.5,8,6,3
939887,2024-03-02,2024,8,Tokyo Sungoliath,BlackRams Tokyo,Y,62,0,W,9,167,141,0.8443,120,857.0,23,22,0.9565,56,40,0.7143,7,17,8,0,0,1067.8,15,15,9
939889,2024-03-02,2024,8,Toshiba Brave Lupus Tokyo,Hanazono Kintetsu Liners,N,50,32,W,8,170,151,0.8882,129,820.0,13,12,0.9231,72,72,1.0,7,9,15,0,0,1080.7,6,11,8
939891,2024-03-03,2024,8,Kobelco Kobe Steelers,Toyota Verblitz,Y,57,22,W,8,177,158,0.8927,124,1008.0,16,12,0.75,41,41,1.0,8,10,8,0,0,1003.6,16,11,8
939890,2024-03-03,2024,8,Kubota Spears,Mitsubishi Sagamihara Dynaboars,Y,28,34,L,4,222,198,0.8919,71,526.0,6,4,0.6667,31,31,1.0,12,11,15,1,0,587.8,6,9,4
939890,2024-03-03,2024,8,Mitsubishi Sagamihara Dynaboars,Kubota Spears,N,34,28,W,6,87,77,0.8851,126,605.0,19,13,0.6842,80,80,1.0,11,12,8,0,0,1166.8,5,9,6
939891,2024-03-03,2024,8,Toyota Verblitz,Kobelco Kobe Steelers,N,22,57,L,3,173,132,0.763,111,621.0,10,8,0.8,63,55,0.873,10,8,9,1,0,983.8,7,7,3
939893,2024-03-09,2024,9,Hanazono Kintetsu Liners,Tokyo Sungoliath,N,14,34,L,2,197,168,0.8528,98,669.0,8,7,0.875,64,56,0.875,14,10,13,0,0,886.1,5,8,2
939894,2024-03-09,2024,9,Kubota Spears,Toyota Verblitz,Y,27,31,L,4,156,131,0.8397,146,857.0,19,19,1.0,32,32,1.0,20,14,7,0,0,1272.8,7,13,4
939892,2024-03-09,2024,9,Saitama Wild Knights,Toshiba Brave Lupus Tokyo,Y,36,24,W,4,222,200,0.9009,129,588.0,10,10,1.0,72,72,1.0,10,8,15,0,0,1039.9,7,10,4
939895,2024-03-09,2024,9,Shizuoka BlueRevs,Yokohama Canon Eagles,N,17,34,L,3,232,199,0.8578,84,522.0,9,5,0.5556,56,40,0.7143,7,15,12,0,0,717.5,3,7,3
939893,2024-03-09,2024,9,Tokyo Sungoliath,Hanazono Kintetsu Liners,Y,34,14,W,6,156,126,0.8077,129,717.0,17,16,0.9412,56,48,0.8571,10,14,8,1,0,1200.0,6,11,6
939892,2024-03-09,2024,9,Toshiba Brave Lupus Tokyo,Saitama Wild Knights,N,24,36,L,3,196,176,0.898,131,641.0,11,10,0.9091,40,40,1.0,8,10,17,1,0,959.3,4,7,3
939894,2024-03-09,2024,9,Toyota Verblitz,Kubota Spears,N,31,27,W,4,214,173,0.8084,99,566.0,11,11,1.0,48,40,0.8333,14,20,13,0,0,917.4,8,10,4
939895,2024-03-09,2024,9,Yokohama Canon Eagles,Shizuoka BlueRevs,Y,34,17,W,6,120,97,0.8083,150,1040.0,16,16,1.0,48,40,0.8333,15,7,7,0,0,1348.2,6,15,6
939897,2024-03-10,2024,9,BlackRams Tokyo,Mie Honda Heat,N,24,14,W,4,214,193,0.9019,106,652.0,12,10,0.8333,56,56,1.0,12,14,10,0,0,974.0,6,11,4
939896,2024-03-10,2024,9,Kobelco Kobe Steelers,Mitsubishi Sagamihara Dynaboars,N,43,14,W,7,215,197,0.9163,76,704.0,12,10,0.8333,46,46,1.0,9,14,20,1,0,686.3,12,9,7
939897,2024-03-10,2024,9,Mie Honda Heat,BlackRams Tokyo,Y,14,24,L,2,178,155,0.8708,144,871.0,10,10,1.0,64,56,0.875,14,12,10,1,0,1264.9,6,5,2
939896,2024-03-10,2024,9,Mitsubishi Sagamihara Dynaboars,Kobelco Kobe Steelers,Y,14,43,L,2,117,90,0.7692,148,716.0,20,19,0.95,64,64,1.0,14,9,3,0,0,1398.9,1,10,2
939898,2024-03-15,2024,10,Kubota Spears,Yokohama Canon Eagles,N,29,26,W,4,150,130,0.8667,66,351.0,15,13,0.8667,60,53,0.8833,5,7,14,0,1,787.8,4,4,4
939898,2024-03-15,2024,10,Yokohama Canon Eagles,Kubota Spears,Y,26,29,L,4,114,98,0.8596,94,523.0,17,13,0.7647,32,24,0.75,7,5,11,1,0,913.7,4,10,4
939899,2024-03-16,2024,10,BlackRams Tokyo,Shizuoka BlueRevs,Y,29,36,L,4,206,182,0.8835,97,667.0,13,11,0.8462,48,40,0.8333,12,12,9,0,0,949.2,9,10,4
939901,2024-03-16,2024,10,Kobelco Kobe Steelers,Saitama Wild Knights,Y,18,28,L,2,204,183,0.8971,93,556.0,14,13,0.9286,56,48,0.8571,8,13,12,1,0,826.9,6,6,2
939901,2024-03-16,2024,10,Saitama Wild Knights,Kobelco Kobe Steelers,N,28,18,W,3,148,130,0.8784,126,877.0,17,16,0.9412,40,32,0.8,13,8,8,1,0,1086.6,9,11,3
939899,2024-03-16,2024,10,Shizuoka BlueRevs,BlackRams Tokyo,N,36,29,W,5,141,113,0.8014,130,937.0,15,12,0.8,40,40,1.0,12,12,8,0,0,1025.6,11,12,5
939900,2024-03-16,2024,10,Tokyo Sungoliath,Toyota Verblitz,N,39,38,W,5,116,96,0.8276,129,688.0,20,19,0.95,48,48,1.0,8,7,12,0,0,1199.4,4,9,5
939900,2024-03-16,2024,10,Toyota Verblitz,Tokyo Sungoliath,Y,38,39,L,5,211,178,0.8436,80,607.0,19,16,0.8421,32,32,1.0,7,8,17,0,1,762.0,6,8,5
939903,2024-03-17,2024,10,Hanazono Kintetsu Liners,Mie Honda Heat,Y,19,20,L,3,128,111,0.8672,139,1044.0,20,16,0.8,64,56,0.875,19,10,11,0,0,1120.5,5,8,3
939903,2024-03-17,2024,10,Mie Honda Heat,Hanazono Kintetsu Liners,N,20,19,W,2,205,176,0.8585,82,534.0,16,15,0.9375,32,16,0.5,10,19,9,0,1,866.7,3,6,2
939902,2024-03-17,2024,10,Mitsubishi Sagamihara Dynaboars,Toshiba Brave Lupus Tokyo,N,19,41,L,3,136,104,0.7647,125,903.0,14,10,0.7143,40,32,0.8,9,10,21,2,0,1018.6,10,6,3
939902,2024-03-17,2024,10,Toshiba Brave Lupus Tokyo,Mitsubishi Sagamihara Dynaboars,Y,41,19,W,7,202,167,0.8267,102,961.0,15,11,0.7333,96,96,1.0,10,9,8,0,0,900.6,15,12,7
939904,2024-03-22,2024,11,Kubota Spears,Saitama Wild Knights,Y,22,55,L,3,183,147,0.8033,61,261.0,15,12,0.8,32,32,1.0,8,10,10,0,0,738.7,2,5,3
939904,2024-03-22,2024,11,Saitama Wild Knights,Kubota Spears,N,55,22,W,8,78,72,0.9231,111,954.0,18,17,0.9444,56,32,0.5714,10,8,9,0,0,1002.8,13,14,8
939906,2024-03-23,2024,11,Shizuoka BlueRevs,Toyota Verblitz,Y,24,8,W,2,137,108,0.7883,161,879.0,17,16,0.9412,56,56,1.0,13,6,9,0,0,1330.0,6,14,2
939905,2024-03-23,2024,11,Tokyo Sungoliath,Yokohama Canon Eagles,Y,35,37,L,5,253,215,0.8498,96,760.0,7,7,1.0,64,56,0.875,9,17,10,1,0,896.1,6,8,5
939906,2024-03-23,2024,11,Toyota Verblitz,Shizuoka BlueRevs,N,8,24,L,1,220,200,0.9091,82,564.0,12,8,0.6667,56,32,0.5714,6,13,16,1,0,842.3,5,5,1
939905,2024-03-23,2024,11,Yokohama Canon Eagles,Tokyo Sungoliath,N,37,35,W,4,138,117,0.8478,162,1101.0,18,18,1.0,40,40,1.0,17,9,2,0,0,1451.0,12,11,4
939907,2024-03-24,2024,11,BlackRams Tokyo,Toshiba Brave Lupus Tokyo,N,33,40,L,5,180,146,0.8111,110,823.0,10,8,0.8,88,88,1.0,15,9,11,1,0,926.3,8,12,5
939909,2024-03-24,2024,11,Hanazono Kintetsu Liners,Kobelco Kobe Steelers,N,17,60,L,2,181,141,0.779,76,507.0,6,5,0.8333,87,79,0.908,9,13,16,1,0,789.1,3,6,2
939909,2024-03-24,2024,11,Kobelco Kobe Steelers,Hanazono Kintetsu Liners,Y,60,17,W,8,110,90,0.8182,134,1141.0,20,15,0.75,32,32,1.0,13,9,5,0,0,1066.3,18,14,8
939908,2024-03-24,2024,11,Mie Honda Heat,Mitsubishi Sagamihara Dynaboars,Y,26,31,L,3,175,153,0.8743,77,382.0,12,12,1.0,48,40,0.8333,6,8,9,0,0,841.8,1,7,3
939908,2024-03-24,2024,11,Mitsubishi Sagamihara Dynaboars,Mie Honda Heat,N,31,26,W,4,122,109,0.8934,107,590.0,19,15,0.7895,32,32,1.0,8,6,12,1,0,1100.4,5,7,4
939907,2024-03-24,2024,11,Toshiba Brave Lupus Tokyo,BlackRams Tokyo,Y,40,33,W,6,186,152,0.8172,115,748.0,14,12,0.8571,62,62,1.0,9,15,10,2,0,984.9,9,10,6
939913,2024-04-06,2024,12,BlackRams Tokyo,Yokohama Canon Eagles,Y,12,31,L,2,157,142,0.9045,121,682.0,20,18,0.9,48,48,1.0,13,11,12,0,0,971.3,2,9,2
939911,2024-04-06,2024,12,Hanazono Kintetsu Liners,Toyota Verblitz,N,30,47,L,4,158,134,0.8481,110,793.0,16,12,0.75,48,40,0.8333,15,13,10,1,0,931.2,9,12,4
939910,2024-04-06,2024,12,Mie Honda Heat,Shizuoka BlueRevs,N,14,43,L,2,191,164,0.8586,106,619.0,13,12,0.9231,72,56,0.7778,8,11,17,2,0,841.8,8,7,2
939912,2024-04-06,2024,12,Mitsubishi Sagamihara Dynaboars,Saitama Wild Knights,N,12,53,L,2,212,185,0.8726,87,638.0,12,8,0.6667,32,32,1.0,10,10,13,0,0,818.4,4,4,2
939912,2024-04-06,2024,12,Saitama Wild Knights,Mitsubishi Sagamihara Dynaboars,Y,53,12,W,7,131,115,0.8779,146,1120.0,15,14,0.9333,56,56,1.0,10,10,5,1,0,1192.2,12,16,7
939910,2024-04-06,2024,12,Shizuoka BlueRevs,Mie Honda Heat,Y,43,14,W,7,163,147,0.9018,124,860.0,14,11,0.7857,96,96,1.0,11,8,8,0,0,923.4,12,13,7
939911,2024-04-06,2024,12,Toyota Verblitz,Hanazono Kintetsu Liners,Y,47,30,W,7,153,127,0.8301,96,638.0,12,12,1.0,72,64,0.8889,13,15,9,0,0,922.9,6,10,7
939913,2024-04-06,2024,12,Yokohama Canon Eagles,BlackRams Tokyo,N,31,12,W,5,174,156,0.8966,98,602.0,13,12,0.9231,55,47,0.8545,11,13,18,1,0,939.9,4,7,5
939915,2024-04-07,2024,12,Kobelco Kobe Steelers,Tokyo Sungoliath,Y,27,36,L,3,233,197,0.8455,97,699.0,13,10,0.7692,30,30,1.0,10,8,14,2,0,778.6,7,7,3
939914,2024-04-07,2024,12,Kubota Spears,Toshiba Brave Lupus Tokyo,Y,20,22,L,3,231,192,0.8312,89,522.0,10,6,0.6,56,56,1.0,12,15,11,1,0,834.6,4,8,3
939915,2024-04-07,2024,12,Tokyo Sungoliath,Kobelco Kobe Steelers,N,36,27,W,5,161,140,0.8696,140,927.0,18,17,0.9444,40,40,1.0,8,10,9,1,0,1202.3,9,11,5
939914,2024-04-07,2024,12,Toshiba Brave Lupus Tokyo,Kubota Spears,N,22,20,W,3,134,117,0.8731,126,817.0,17,14,0.8235,80,72,0.9,15,12,6,0,0,1113.3,10,10,3
939916,2024-04-12,2024,13,BlackRams Tokyo,Saitama Wild Knights,Y,26,50,L,4,186,155,0.8333,107,671.0,10,6,0.6,64,64,1.0,18,15,9,0,0,880.1,6,11,4
939917,2024-04-12,2024,13,Hanazono Kintetsu Liners,Yokohama Canon Eagles,Y,33,52,L,5,143,114,0.7972,131,843.0,12,12,1.0,24,24,1.0,9,10,14,0,0,959.0,12,10,5
939916,2024-04-12,2024,13,Saitama Wild Knights,BlackRams Tokyo,N,50,26,W,7,172,147,0.8547,112,851.0,14,13,0.9286,56,56,1.0,15,18,9,0,0,926.2,10,12,7
939917,2024-04-12,2024,13,Yokohama Canon Eagles,Hanazono Kintetsu Liners,N,52,33,W,8,179,148,0.8268,91,702.0,12,10,0.8333,56,48,0.8571,10,9,12,0,0,881.4,8,15,8
939918,2024-04-13,2024,13,Kubota Spears,Shizuoka BlueRevs,N,31,31,D,5,233,197,0.8455,84,683.0,9,7,0.7778,31,31,1.0,11,13,16,2,0,702.6,7,6,5
939919,2024-04-13,2024,13,Mie Honda Heat,Tokyo Sungoliath,N,10,60,L,2,259,209,0.8069,106,617.0,16,14,0.875,64,48,0.75,12,11,10,0,0,923.6,2,5,2
939921,2024-04-13,2024,13,Mitsubishi Sagamihara Dynaboars,Toyota Verblitz,Y,20,34,L,2,106,87,0.8208,124,697.0,16,8,0.5,88,80,0.9091,13,20,13,0,0,1027.6,7,9,2
939918,2024-04-13,2024,13,Shizuoka BlueRevs,Kubota Spears,Y,31,31,D,5,116,92,0.7931,167,915.0,13,10,0.7692,104,104,1.0,13,11,4,0,0,1145.2,6,11,5
939919,2024-04-13,2024,13,Tokyo Sungoliath,Mie Honda Heat,Y,60,10,W,9,153,135,0.8824,142,1246.0,12,10,0.8333,56,56,1.0,11,12,6,0,0,1094.8,14,17,9
939921,2024-04-13,2024,13,Toyota Verblitz,Mitsubishi Sagamihara Dynaboars,N,34,20,W,5,197,171,0.868,85,691.0,12,11,0.9167,64,56,0.875,20,13,9,0,0,781.0,10,8,5
939920,2024-04-14,2024,13,Kobelco Kobe Steelers,Toshiba Brave Lupus Tokyo,N,40,40,D,6,126,105,0.8333,143,1042.0,18,14,0.7778,96,80,0.8333,16,14,7,0,0,1061.8,7,19,6
939920,2024-04-14,2024,13,Toshiba Brave Lupus Tokyo,Kobelco Kobe Steelers,Y,40,40,D,6,225,185,0.8222,101,864.0,13,12,0.9231,64,56,0.875,14,16,15,1,0,841.8,10,9,6
939922,2024-04-19,2024,14,Shizuoka BlueRevs,Tokyo Sungoliath,N,31,31,D,4,185,145,0.7838,129,1047.0,16,15,0.9375,72,64,0.8889,17,15,13,0,0,1048.3,9,11,4
939922,2024-04-19,2024,14,Tokyo Sungoliath,Shizuoka BlueRevs,Y,31,31,D,4,192,159,0.8281,99,865.0,15,13,0.8667,94,86,0.9149,15,17,13,1,0,837.2,7,12,4
939925,2024-04-20,2024,14,Mitsubishi Sagamihara Dynaboars,Yokohama Canon Eagles,N,19,43,L,3,194,162,0.8351,84,683.0,17,13,0.7647,48,40,0.8333,8,15,17,0,0,711.9,9,5,3
939924,2024-04-20,2024,14,Saitama Wild Knights,Toyota Verblitz,N,40,7,W,6,176,148,0.8409,111,670.0,17,13,0.7647,85,85,1.0,11,17,13,1,0,904.4,8,13,6
939924,2024-04-20,2024,14,Toyota Verblitz,Saitama Wild Knights,Y,7,40,L,1,187,160,0.8556,117,555.0,28,21,0.75,32,32,1.0,17,11,7,0,0,1083.6,4,10,1
939925,2024-04-20,2024,14,Yokohama Canon Eagles,Mitsubishi Sagamihara Dynaboars,Y,43,19,W,7,131,107,0.8168,134,1036.0,21,21,1.0,47,47,1.0,15,8,8,0,0,1110.8,7,16,7
939927,2024-04-21,2024,14,BlackRams Tokyo,Hanazono Kintetsu Liners,N,23,34,L,2,167,145,0.8683,98,677.0,13,12,0.9231,48,40,0.8333,13,15,11,1,0,926.4,3,8,2
939927,2024-04-21,2024,14,Hanazono Kintetsu Liners,BlackRams Tokyo,Y,34,23,W,4,164,146,0.8902,99,646.0,21,21,1.0,24,24,1.0,15,13,10,0,0,1067.4,5,13,4
939926,2024-04-21,2024,14,Kobelco Kobe Steelers,Kubota Spears,N,29,39,L,2,173,155,0.896,93,707.0,10,8,0.8,56,48,0.8571,15,6,11,0,0,721.2,7,11,2
939926,2024-04-21,2024,14,Kubota Spears,Kobelco Kobe Steelers,Y,39,29,W,5,149,125,0.8389,110,691.0,15,13,0.8667,24,24,1.0,6,15,12,0,0,870.7,5,7,5
939923,2024-04-21,2024,14,Mie Honda Heat,Toshiba Brave Lupus Tokyo,Y,7,8,L,1,187,162,0.8663,77,612.0,12,9,0.75,96,64,0.6667,9,12,10,0,0,969.8,5,5,1
939923,2024-04-21,2024,14,Toshiba Brave Lupus Tokyo,Mie Honda Heat,N,8,7,W,1,132,113,0.8561,111,746.0,21,16,0.7619,32,32,1.0,12,9,7,0,0,1061.2,4,9,1
939933,2024-04-27,2024,15,BlackRams Tokyo,Mitsubishi Sagamihara Dynaboars,N,31,24,W,5,179,157,0.8771,110,912.0,18,18,1.0,48,48,1.0,15,12,9,0,0,1076.7,7,8,5
939928,2024-04-27,2024,15,Hanazono Kintetsu Liners,Saitama Wild Knights,N,24,33,L,4,193,161,0.8342,114,768.0,14,12,0.8571,56,56,1.0,12,12,6,0,0,1054.6,7,8,4
939930,2024-04-27,2024,15,Kobelco Kobe Steelers,Shizuoka BlueRevs,Y,63,19,W,9,204,176,0.8627,137,1075.0,16,15,0.9375,61,61,1.0,16,17,14,0,0,1113.6,13,16,9
939932,2024-04-27,2024,15,Kubota Spears,Mie Honda Heat,Y,61,24,W,9,54,45,0.8333,148,993.0,10,9,0.9,64,64,1.0,13,5,6,0,0,1121.2,8,15,9
939932,2024-04-27,2024,15,Mie Honda Heat,Kubota Spears,N,24,61,L,3,252,215,0.8532,40,171.0,10,7,0.7,72,64,0.8889,5,13,14,1,0,519.4,2,4,3
939933,2024-04-27,2024,15,Mitsubishi Sagamihara Dynaboars,BlackRams Tokyo,Y,24,31,L,3,180,148,0.8222,104,747.0,16,13,0.8125,64,56,0.875,12,15,6,0,0,994.8,7,6,3
939928,2024-04-27,2024,15,Saitama Wild Knights,Hanazono Kintetsu Liners,Y,33,24,W,5,171,152,0.8889,131,900.0,12,10,0.8333,56,48,0.8571,12,12,9,0,0,1142.6,11,9,5
939930,2024-04-27,2024,15,Shizuoka BlueRevs,Kobelco Kobe Steelers,N,19,63,L,3,190,151,0.7947,122,753.0,14,13,0.9286,65,65,1.0,17,16,7,0,0,983.3,3,4,3
939929,2024-04-27,2024,15,Tokyo Sungoliath,Toshiba Brave Lupus Tokyo,N,27,36,L,4,136,120,0.8824,201,998.0,23,16,0.6957,40,40,1.0,18,10,4,0,0,1433.6,8,16,4
939929,2024-04-27,2024,15,Toshiba Brave Lupus Tokyo,Tokyo Sungoliath,Y,36,27,W,5,321,292,0.9097,97,609.0,8,6,0.75,72,56,0.7778,10,18,11,1,0,793.3,6,6,5
939931,2024-04-27,2024,15,Toyota Verblitz,Yokohama Canon Eagles,Y,35,31,W,5,148,128,0.8649,134,545.0,14,13,0.9286,64,64,1.0,9,8,15,0,0,1109.6,3,9,5
939931,2024-04-27,2024,15,Yokohama Canon Eagles,Toyota Verblitz,N,31,35,L,4,209,187,0.8947,87,424.0,12,11,0.9167,80,72,0.9,8,9,9,1,0,847.1,1,7,4
939938,2024-05-04,2024,16,Kobelco Kobe Steelers,Mie Honda Heat,N,33,31,W,5,188,157,0.8351,93,649.0,10,8,0.8,32,32,1.0,15,6,12,0,0,739.7,9,11,5
939934,2024-05-04,2024,16,Kubota Spears,Tokyo Sungoliath,N,45,26,W,7,132,102,0.7727,139,1110.0,16,13,0.8125,40,40,1.0,9,8,5,0,0,1263.6,12,12,7
939938,2024-05-04,2024,16,Mie Honda Heat,Kobelco Kobe Steelers,Y,31,33,L,4,105,90,0.8571,113,775.0,19,16,0.8421,72,64,0.8889,6,15,11,0,0,1015.8,4,11,4
939935,2024-05-04,2024,16,Saitama Wild Knights,Yokohama Canon Eagles,N,43,14,W,6,106,89,0.8396,135,956.0,21,19,0.9048,64,64,1.0,9,7,6,0,0,1204.2,12,14,6
939934,2024-05-04,2024,16,Tokyo Sungoliath,Kubota Spears,Y,26,45,L,4,238,189,0.7941,83,607.0,14,13,0.9286,32,24,0.75,8,9,10,1,0,771.2,5,10,4
939935,2024-05-04,2024,16,Yokohama Canon Eagles,Saitama Wild Knights,Y,14,43,L,2,225,185,0.8222,68,511.0,14,12,0.8571,40,40,1.0,7,9,14,1,0,660.2,2,3,2
939936,2024-05-05,2024,16,BlackRams Tokyo,Toyota Verblitz,Y,18,45,L,3,217,178,0.8203,79,532.0,22,18,0.8182,64,56,0.875,11,15,10,0,0,809.7,4,8,3
939937,2024-05-05,2024,16,Hanazono Kintetsu Liners,Mitsubishi Sagamihara Dynaboars,Y,36,46,L,5,178,151,0.8483,73,552.0,11,11,1.0,64,48,0.75,10,9,11,0,0,670.5,4,7,5
939937,2024-05-05,2024,16,Mitsubishi Sagamihara Dynaboars,Hanazono Kintetsu Liners,N,46,36,W,6,107,85,0.7944,121,845.0,15,13,0.8667,48,48,1.0,9,10,7,0,0,1156.4,9,12,6
939939,2024-05-05,2024,16,Shizuoka BlueRevs,Toshiba Brave Lupus Tokyo,Y,20,59,L,2,163,123,0.7546,111,891.0,7,4,0.5714,87,79,0.908,13,10,9,1,0,864.9,6,11,2
939939,2024-05-05,2024,16,Toshiba Brave Lupus Tokyo,Shizuoka BlueRevs,N,59,20,W,9,179,151,0.8436,101,1124.0,9,8,0.8889,80,64,0.8,10,13,13,0,0,818.8,16,13,9
939936,2024-05-05,2024,16,Toyota Verblitz,BlackRams Tokyo,N,45,18,W,7,125,103,0.824,137,929.0,14,12,0.8571,48,48,1.0,15,11,9,0,0,1190.6,12,14,7
939940,2024-05-18,2024,17,Saitama Wild Knights,Yokohama Canon Eagles,Y,20,17,W,3,266,225,0.8459,100,560.0,12,10,0.8333,64,56,0.875,7,11,9,0,0,902.0,5,7,3
939940,2024-05-18,2024,17,Yokohama Canon Eagles,Saitama Wild Knights,N,17,20,L,2,137,119,0.8686,150,914.0,17,14,0.8235,47,39,0.8298,11,7,9,1,0,1326.8,6,10,2
939941,2024-05-19,2024,17,Tokyo Sungoliath,Toshiba Brave Lupus Tokyo,N,20,28,L,2,222,177,0.7973,105,636.0,21,18,0.8571,64,56,0.875,13,15,7,0,0,977.1,7,12,2
939941,2024-05-19,2024,17,Toshiba Brave Lupus Tokyo,Tokyo Sungoliath,Y,28,20,W,4,175,155,0.8857,148,962.0,14,13,0.9286,32,32,1.0,15,13,10,0,0,1194.5,9,10,4
939942,2024-05-25,2024,18,Tokyo Sungoliath,Yokohama Canon Eagles,N,40,33,W,6,149,125,0.8389,138,992.0,17,17,1.0,56,56,1.0,9,7,8,0,0,1168.1,13,12,6
939942,2024-05-25,2024,18,Yokohama Canon Eagles,Tokyo Sungoliath,Y,33,40,L,5,213,180,0.8451,99,672.0,11,10,0.9091,24,24,1.0,7,9,13,1,0,889.4,7,6,5
939943,2024-05-26,2024,18,Saitama Wild Knights,Toshiba Brave Lupus Tokyo,Y,20,24,L,2,188,158,0.8404,127,782.0,14,11,0.7857,32,24,0.75,14,13,8,1,0,1178.6,4,8,2
939943,2024-05-26,2024,18,Toshiba Brave Lupus Tokyo,Saitama Wild Knights,N,24,20,W,3,214,190,0.8879,110,733.0,12,11,0.9167,64,56,0.875,13,14,10,0,0,970.4,5,8,3
945050,2024-12-21,2025,1,BlackRams Tokyo,Mie Honda Heat,N,21,23,L,3,207,182,0.8792,115,672.0,17,15,0.8824,48,48,1.0,13,8,10,0,0,1044.6,4,10,3
945049,2024-12-21,2025,1,Kobelco Kobe Steelers,Shizuoka BlueRevs,N,13,15,L,2,226,202,0.8938,108,635.0,9,9,1.0,61,53,0.8689,13,16,16,1,1,931.8,1,7,2
945050,2024-12-21,2025,1,Mie Honda Heat,BlackRams Tokyo,Y,23,21,W,2,211,187,0.8863,114,659.0,14,13,0.9286,55,55,1.0,8,13,11,1,0,1113.3,2,9,2
945048,2024-12-21,2025,1,Saitama Wild Knights,Tokyo Sungoliath,N,33,12,W,5,188,167,0.8883,110,833.0,12,12,1.0,40,40,1.0,9,10,13,0,0,984.7,5,10,5
945049,2024-12-21,2025,1,Shizuoka BlueRevs,Kobelco Kobe Steelers,Y,15,13,W,2,177,164,0.9266,157,808.0,21,14,0.6667,78,78,1.0,16,13,12,1,0,1150.3,4,8,2
945048,2024-12-21,2025,1,Tokyo Sungoliath,Saitama Wild Knights,Y,12,33,L,2,193,164,0.8497,114,660.0,23,23,1.0,62,62,1.0,10,9,12,2,0,1091.2,1,11,2
945051,2024-12-22,2025,1,Kubota Spears,Toyota Verblitz,Y,30,27,W,5,192,162,0.8438,153,926.0,15,14,0.9333,32,32,1.0,11,10,13,1,0,1220.3,8,10,5
945052,2024-12-22,2025,1,Mitsubishi Sagamihara Dynaboars,Urayasu D-Rocks,Y,31,19,W,4,225,195,0.8667,121,769.0,10,9,0.9,100,69,0.69,9,14,19,2,0,989.8,4,9,4
945053,2024-12-22,2025,1,Toshiba Brave Lupus Tokyo,Yokohama Canon Eagles,N,28,21,W,4,202,169,0.8366,127,825.0,12,9,0.75,31,31,1.0,15,13,9,1,0,1196.3,12,6,4
945051,2024-12-22,2025,1,Toyota Verblitz,Kubota Spears,N,27,30,L,3,257,209,0.8132,111,622.0,16,16,1.0,56,48,0.8571,10,11,13,0,0,1017.5,3,8,3
945052,2024-12-22,2025,1,Urayasu D-Rocks,Mitsubishi Sagamihara Dynaboars,N,19,31,L,2,216,184,0.8519,117,832.0,15,12,0.8,55,47,0.8545,14,9,12,1,0,995.2,4,11,2
945053,2024-12-22,2025,1,Yokohama Canon Eagles,Toshiba Brave Lupus Tokyo,Y,21,28,L,2,200,168,0.84,124,768.0,13,10,0.7692,64,56,0.875,13,15,8,0,0,1135.2,7,9,2
945055,2024-12-28,2025,2,BlackRams Tokyo,Tokyo Sungoliath,Y,33,32,W,5,238,208,0.8739,102,778.0,13,10,0.7692,32,16,0.5,9,10,13,1,0,861.2,7,11,5
945054,2024-12-28,2025,2,Kubota Spears,Saitama Wild Knights,N,24,26,L,3,131,120,0.916,142,882.0,15,14,0.9333,31,31,1.0,12,7,13,3,0,1156.7,2,8,3
945056,2024-12-28,2025,2,Mie Honda Heat,Toyota Verblitz,N,21,17,W,2,230,212,0.9217,89,603.0,16,13,0.8125,78,78,1.0,5,13,15,2,0,860.2,2,5,2
945054,2024-12-28,2025,2,Saitama Wild Knights,Kubota Spears,Y,26,24,W,2,233,208,0.8927,76,552.0,13,12,0.9231,63,63,1.0,7,12,10,1,0,824.3,3,6,2
945059,2024-12-28,2025,2,Shizuoka BlueRevs,Urayasu D-Rocks,N,62,19,W,9,153,127,0.8301,171,1311.0,15,14,0.9333,96,96,1.0,13,16,9,0,0,1210.7,9,20,9
945055,2024-12-28,2025,2,Tokyo Sungoliath,BlackRams Tokyo,N,32,33,L,4,148,124,0.8378,130,827.0,12,12,1.0,56,56,1.0,10,9,6,0,0,1287.9,7,8,4
945056,2024-12-28,2025,2,Toyota Verblitz,Mie Honda Heat,Y,17,21,L,3,133,119,0.8947,135,911.0,20,17,0.85,16,16,1.0,13,5,13,0,0,1099.4,7,12,3
945059,2024-12-28,2025,2,Urayasu D-Rocks,Shizuoka BlueRevs,Y,19,62,L,3,251,212,0.8446,96,611.0,11,6,0.5455,23,23,1.0,16,13,19,1,1,781.0,4,5,3
945058,2024-12-29,2025,2,Kobelco Kobe Steelers,Yokohama Canon Eagles,Y,36,18,W,6,275,242,0.88,65,562.0,10,9,0.9,31,23,0.7419,9,12,20,2,0,582.3,8,9,6
945057,2024-12-29,2025,2,Mitsubishi Sagamihara Dynaboars,Toshiba Brave Lupus Tokyo,N,8,61,L,1,195,151,0.7744,109,887.0,14,9,0.6429,56,56,1.0,16,15,7,0,1,957.8,4,8,1
945057,2024-12-29,2025,2,Toshiba Brave Lupus Tokyo,Mitsubishi Sagamihara Dynaboars,Y,61,8,W,9,178,151,0.8483,139,1455.0,12,11,0.9167,96,96,1.0,15,16,10,0,0,1183.7,19,17,9
945058,2024-12-29,2025,2,Yokohama Canon Eagles,Kobelco Kobe Steelers,N,18,36,L,3,88,77,0.875,171,853.0,18,17,0.9444,96,96,1.0,12,9,7,0,0,1391.8,6,11,3
945061,2025-01-04,2025,3,BlackRams Tokyo,Saitama Wild Knights,Y,16,39,L,1,262,235,0.8969,90,457.0,13,10,0.7692,53,53,1.0,10,13,8,0,0,771.9,5,7,1
945060,2025-01-04,2025,3,Mitsubishi Sagamihara Dynaboars,Shizuoka BlueRevs,Y,34,40,L,5,184,161,0.875,132,845.0,10,10,1.0,49,49,1.0,10,11,10,0,0,1140.1,5,6,5
945061,2025-01-04,2025,3,Saitama Wild Knights,BlackRams Tokyo,N,39,16,W,5,128,106,0.8281,179,905.0,16,14,0.875,40,32,0.8,13,10,9,0,0,1369.6,11,17,5
945060,2025-01-04,2025,3,Shizuoka BlueRevs,Mitsubishi Sagamihara Dynaboars,N,40,34,W,6,222,193,0.8694,128,859.0,14,12,0.8571,64,56,0.875,11,10,12,0,0,867.3,6,12,6
945062,2025-01-04,2025,3,Tokyo Sungoliath,Toyota Verblitz,Y,30,30,D,3,213,172,0.8075,131,1013.0,16,15,0.9375,32,32,1.0,13,10,6,2,0,1158.4,10,12,3
945062,2025-01-04,2025,3,Toyota Verblitz,Tokyo Sungoliath,N,30,30,D,4,212,172,0.8113,141,1114.0,15,14,0.9333,48,48,1.0,10,13,13,0,0,1233.1,9,9,4
945065,2025-01-04,2025,3,Urayasu D-Rocks,Yokohama Canon Eagles,Y,12,40,L,2,206,178,0.8641,99,443.0,13,12,0.9231,71,55,0.7746,14,12,14,1,0,958.6,7,6,2
945065,2025-01-04,2025,3,Yokohama Canon Eagles,Urayasu D-Rocks,N,40,12,W,6,169,154,0.9112,140,835.0,16,13,0.8125,31,31,1.0,12,14,15,2,0,1252.2,8,19,6
945063,2025-01-05,2025,3,Kobelco Kobe Steelers,Toshiba Brave Lupus Tokyo,N,26,32,L,4,178,154,0.8652,140,1025.0,13,11,0.8462,47,47,1.0,15,10,9,0,1,1110.6,7,11,4
945064,2025-01-05,2025,3,Kubota Spears,Mie Honda Heat,N,32,27,W,4,182,161,0.8846,148,1060.0,13,12,0.9231,16,16,1.0,17,10,8,0,0,1285.5,12,13,4
945064,2025-01-05,2025,3,Mie Honda Heat,Kubota Spears,Y,27,32,L,4,204,171,0.8382,123,687.0,13,10,0.7692,72,64,0.8889,10,17,13,0,0,1072.1,4,5,4
945063,2025-01-05,2025,3,Toshiba Brave Lupus Tokyo,Kobelco Kobe Steelers,Y,32,26,W,4,222,200,0.9009,126,930.0,11,9,0.8182,80,80,1.0,10,15,6,0,0,1065.7,13,12,4
945068,2025-01-11,2025,4,BlackRams Tokyo,Toyota Verblitz,N,18,32,L,2,187,158,0.8449,124,922.0,12,11,0.9167,48,48,1.0,16,12,9,0,0,974.8,6,10,2
945067,2025-01-11,2025,4,Shizuoka BlueRevs,Yokohama Canon Eagles,N,35,53,L,5,249,217,0.8715,89,931.0,8,6,0.75,9,9,1.0,11,4,16,0,0,722.1,9,5,5
945066,2025-01-11,2025,4,Toshiba Brave Lupus Tokyo,Urayasu D-Rocks,Y,22,14,W,3,190,156,0.8211,134,1040.0,17,14,0.8235,32,32,1.0,14,13,10,1,0,1148.8,7,8,3
945068,2025-01-11,2025,4,Toyota Verblitz,BlackRams Tokyo,Y,32,18,W,5,187,162,0.8663,120,909.0,11,10,0.9091,80,80,1.0,12,16,6,1,0,1066.7,7,10,5
945066,2025-01-11,2025,4,Urayasu D-Rocks,Toshiba Brave Lupus Tokyo,N,14,22,L,2,203,179,0.8818,131,1090.0,21,16,0.7619,64,64,1.0,13,14,13,0,0,1181.8,4,14,2
945067,2025-01-11,2025,4,Yokohama Canon Eagles,Shizuoka BlueRevs,Y,53,35,W,8,140,111,0.7929,152,1174.0,16,15,0.9375,120,112,0.9333,4,11,6,0,0,1268.1,8,14,8
945071,2025-01-12,2025,4,Kobelco Kobe Steelers,Mitsubishi Sagamihara Dynaboars,N,26,34,L,4,127,114,0.8976,142,1059.0,20,15,0.75,40,40,1.0,21,8,8,0,0,1145.3,7,13,4
945070,2025-01-12,2025,4,Kubota Spears,Tokyo Sungoliath,N,26,26,D,4,195,168,0.8615,105,806.0,12,10,0.8333,40,32,0.8,13,14,8,1,0,1182.0,8,8,4
945069,2025-01-12,2025,4,Mie Honda Heat,Saitama Wild Knights,N,24,48,L,4,198,161,0.8131,125,857.0,17,16,0.9412,47,39,0.8298,10,6,10,1,1,1138.3,7,6,4
945071,2025-01-12,2025,4,Mitsubishi Sagamihara Dynaboars,Kobelco Kobe Steelers,Y,34,26,W,4,200,183,0.915,103,755.0,7,7,1.0,72,64,0.8889,8,21,18,1,0,950.0,4,8,4
945069,2025-01-12,2025,4,Saitama Wild Knights,Mie Honda Heat,Y,48,24,W,7,207,181,0.8744,123,895.0,10,6,0.6,32,32,1.0,6,10,9,0,0,1002.5,14,12,7
945070,2025-01-12,2025,4,Tokyo Sungoliath,Kubota Spears,Y,26,26,D,4,155,137,0.8839,135,1149.0,21,18,0.8571,40,32,0.8,14,13,9,0,0,1182.0,13,11,4
945072,2025-01-18,2025,5,BlackRams Tokyo,Kubota Spears,N,18,26,L,2,155,133,0.8581,119,845.0,14,13,0.9286,48,48,1.0,11,12,11,1,0,1026.9,8,8,2
945072,2025-01-18,2025,5,Kubota Spears,BlackRams Tokyo,Y,26,18,W,3,192,163,0.849,106,771.0,16,16,1.0,48,48,1.0,12,11,9,0,0,1098.6,8,8,3
945073,2025-01-18,2025,5,Mitsubishi Sagamihara Dynaboars,Yokohama Canon Eagles,N,21,47,L,3,182,141,0.7747,124,688.0,8,8,1.0,70,54,0.7714,8,11,20,1,0,970.6,5,4,3
945074,2025-01-18,2025,5,Shizuoka BlueRevs,Toshiba Brave Lupus Tokyo,Y,34,28,W,6,192,168,0.875,125,923.0,16,12,0.75,72,72,1.0,10,17,10,0,0,990.5,8,10,6
945074,2025-01-18,2025,5,Toshiba Brave Lupus Tokyo,Shizuoka BlueRevs,N,28,34,L,4,188,166,0.883,119,961.0,10,10,1.0,47,40,0.8511,17,10,12,1,0,902.2,5,10,4
945073,2025-01-18,2025,5,Yokohama Canon Eagles,Mitsubishi Sagamihara Dynaboars,Y,47,21,W,7,209,194,0.9282,104,789.0,23,20,0.8696,48,48,1.0,11,8,5,0,0,952.4,7,12,7
945075,2025-01-19,2025,5,Kobelco Kobe Steelers,Urayasu D-Rocks,Y,50,22,W,7,142,122,0.8592,154,1209.0,16,15,0.9375,48,32,0.6667,11,7,12,0,0,1189.1,9,12,7
945077,2025-01-19,2025,5,Mie Honda Heat,Tokyo Sungoliath,Y,19,27,L,3,167,140,0.8383,157,1204.0,22,20,0.9091,24,24,1.0,12,5,12,1,0,1414.6,4,5,3
945076,2025-01-19,2025,5,Saitama Wild Knights,Toyota Verblitz,N,38,22,W,5,191,167,0.8743,110,847.0,11,9,0.8182,82,74,0.9024,11,10,13,0,0,1005.0,6,11,5
945077,2025-01-19,2025,5,Tokyo Sungoliath,Mie Honda Heat,N,27,19,W,2,270,235,0.8704,107,786.0,9,9,1.0,31,31,1.0,5,12,11,2,0,914.7,7,10,2
945076,2025-01-19,2025,5,Toyota Verblitz,Saitama Wild Knights,Y,22,38,L,4,178,162,0.9101,147,887.0,17,12,0.7059,48,48,1.0,10,11,9,0,0,1025.9,6,8,4
945075,2025-01-19,2025,5,Urayasu D-Rocks,Kobelco Kobe Steelers,N,22,50,L,3,232,207,0.8922,86,632.0,10,8,0.8,56,48,0.8571,7,11,11,0,0,876.3,6,6,3
945082,2025-02-01,2025,6,BlackRams Tokyo,Kobelco Kobe Steelers,N,15,44,L,2,175,137,0.7829,119,925.0,21,14,0.6667,48,40,0.8333,16,18,12,1,0,935.0,6,13,2
945082,2025-02-01,2025,6,Kobelco Kobe Steelers,BlackRams Tokyo,Y,44,15,W,6,178,150,0.8427,102,944.0,15,13,0.8667,55,55,1.0,18,16,15,1,0,889.4,9,13,6
945079,2025-02-01,2025,6,Kubota Spears,Mitsubishi Sagamihara Dynaboars,N,40,12,W,6,119,106,0.8908,95,800.0,19,19,1.0,64,56,0.875,10,11,9,0,0,964.0,7,14,6
945079,2025-02-01,2025,6,Mitsubishi Sagamihara Dynaboars,Kubota Spears,Y,12,40,L,2,151,130,0.8609,79,650.0,13,13,1.0,64,40,0.625,11,10,17,0,0,792.8,1,5,2
945078,2025-02-01,2025,6,Saitama Wild Knights,Urayasu D-Rocks,Y,53,26,W,7,192,153,0.7969,151,1139.0,12,9,0.75,71,63,0.8873,6,13,8,1,0,1036.5,8,14,7
945080,2025-02-01,2025,6,Shizuoka BlueRevs,Tokyo Sungoliath,Y,14,33,L,2,238,201,0.8445,139,991.0,15,12,0.8,64,64,1.0,15,14,17,0,0,980.3,3,7,2
945080,2025-02-01,2025,6,Tokyo Sungoliath,Shizuoka BlueRevs,N,33,14,W,4,207,185,0.8937,141,1053.0,19,19,1.0,48,48,1.0,14,15,10,0,0,1118.1,7,13,4
945081,2025-02-01,2025,6,Toyota Verblitz,Yokohama Canon Eagles,Y,20,24,L,2,150,128,0.8533,165,1101.0,10,9,0.9,88,80,0.9091,8,12,15,1,0,1332.3,7,4,2
945078,2025-02-01,2025,6,Urayasu D-Rocks,Saitama Wild Knights,N,26,53,L,4,225,189,0.84,112,944.0,11,9,0.8182,72,56,0.7778,13,6,11,0,0,908.6,13,6,4
945081,2025-02-01,2025,6,Yokohama Canon Eagles,Toyota Verblitz,N,24,20,W,3,276,239,0.8659,95,712.0,15,11,0.7333,32,32,1.0,12,8,10,0,0,830.5,4,11,3
945083,2025-02-02,2025,6,Mie Honda Heat,Toshiba Brave Lupus Tokyo,Y,12,35,L,2,183,148,0.8087,112,937.0,15,15,1.0,91,91,1.0,10,13,11,0,0,1022.6,4,11,2
945083,2025-02-02,2025,6,Toshiba Brave Lupus Tokyo,Mie Honda Heat,N,35,12,W,5,193,160,0.829,115,956.0,13,11,0.8462,54,54,1.0,13,10,11,1,0,958.4,10,11,5
945089,2025-02-08,2025,7,BlackRams Tokyo,Shizuoka BlueRevs,Y,24,32,L,3,198,173,0.8737,77,446.0,11,8,0.7273,96,80,0.8333,12,17,19,1,0,672.2,3,8,3
945086,2025-02-08,2025,7,Kobelco Kobe Steelers,Tokyo Sungoliath,Y,29,31,L,5,157,137,0.8726,132,983.0,20,19,0.95,31,23,0.7419,12,5,9,1,0,1044.0,8,10,5
945085,2025-02-08,2025,7,Kubota Spears,Yokohama Canon Eagles,N,30,22,W,4,188,152,0.8085,112,775.0,16,14,0.875,72,64,0.8889,18,17,10,0,0,1023.2,8,15,4
945084,2025-02-08,2025,7,Mie Honda Heat,Urayasu D-Rocks,N,26,31,L,4,142,119,0.838,160,988.0,17,13,0.7647,72,64,0.8889,15,8,10,0,0,1287.6,4,13,4
945089,2025-02-08,2025,7,Shizuoka BlueRevs,BlackRams Tokyo,N,32,24,W,5,135,116,0.8593,119,701.0,20,19,0.95,56,56,1.0,17,12,9,1,0,1122.7,7,16,5
945086,2025-02-08,2025,7,Tokyo Sungoliath,Kobelco Kobe Steelers,N,31,29,W,4,196,167,0.852,97,647.0,12,12,1.0,72,56,0.7778,5,12,11,0,0,908.7,4,8,4
945084,2025-02-08,2025,7,Urayasu D-Rocks,Mie Honda Heat,Y,31,26,W,5,249,221,0.8876,82,593.0,14,12,0.8571,64,48,0.75,8,15,15,0,0,738.8,6,9,5
945085,2025-02-08,2025,7,Yokohama Canon Eagles,Kubota Spears,Y,22,30,L,3,200,164,0.82,117,824.0,11,9,0.8182,47,47,1.0,17,18,11,1,0,1011.5,8,8,3
945088,2025-02-09,2025,7,Mitsubishi Sagamihara Dynaboars,Toyota Verblitz,Y,44,40,W,6,225,196,0.8711,154,845.0,7,4,0.5714,64,64,1.0,8,13,8,0,0,1257.8,8,11,6
945087,2025-02-09,2025,7,Saitama Wild Knights,Toshiba Brave Lupus Tokyo,Y,28,28,D,3,217,180,0.8295,167,1167.0,14,12,0.8571,48,48,1.0,12,11,5,1,0,1326.6,8,13,3
945087,2025-02-09,2025,7,Toshiba Brave Lupus Tokyo,Saitama Wild Knights,N,28,28,D,4,294,265,0.9014,142,1216.0,11,7,0.6364,80,72,0.9,11,12,13,0,0,1122.4,8,9,4
945088,2025-02-09,2025,7,Toyota Verblitz,Mitsubishi Sagamihara Dynaboars,N,40,44,L,6,237,198,0.8354,149,955.0,13,10,0.7692,16,8,0.5,13,8,9,1,0,1191.8,8,10,6
945095,2025-02-15,2025,8,BlackRams Tokyo,Urayasu D-Rocks,Y,44,22,W,7,128,107,0.8359,110,853.0,16,14,0.875,40,40,1.0,18,11,11,1,0,1084.8,7,14,7
945090,2025-02-15,2025,8,Kobelco Kobe Steelers,Kubota Spears,N,20,25,L,3,128,108,0.8438,92,477.0,15,13,0.8667,61,53,0.8689,17,12,16,1,0,795.5,3,8,3
945090,2025-02-15,2025,8,Kubota Spears,Kobelco Kobe Steelers,Y,25,20,W,3,150,124,0.8267,88,503.0,14,11,0.7857,72,72,1.0,12,17,7,0,0,796.4,5,8,3
945092,2025-02-15,2025,8,Shizuoka BlueRevs,Toyota Verblitz,N,33,23,W,5,210,177,0.8429,130,813.0,20,15,0.75,64,64,1.0,15,15,12,0,0,1026.1,4,16,5
945091,2025-02-15,2025,8,Tokyo Sungoliath,Toshiba Brave Lupus Tokyo,N,33,43,L,4,275,230,0.8364,111,883.0,12,12,1.0,48,48,1.0,8,12,9,0,0,980.9,9,12,4
945091,2025-02-15,2025,8,Toshiba Brave Lupus Tokyo,Tokyo Sungoliath,Y,43,33,W,7,155,129,0.8323,160,1399.0,15,14,0.9333,48,32,0.6667,12,8,12,2,0,1272.9,14,14,7
945092,2025-02-15,2025,8,Toyota Verblitz,Shizuoka BlueRevs,Y,23,33,L,2,216,182,0.8426,119,873.0,9,7,0.7778,80,72,0.9,15,15,17,0,0,1025.6,8,9,2
945095,2025-02-15,2025,8,Urayasu D-Rocks,BlackRams Tokyo,N,22,44,L,3,168,138,0.8214,87,610.0,14,13,0.9286,48,32,0.6667,11,18,11,1,0,834.9,6,7,3
945094,2025-02-16,2025,8,Mie Honda Heat,Mitsubishi Sagamihara Dynaboars,Y,38,37,W,6,126,106,0.8413,135,971.0,22,19,0.8636,32,32,1.0,14,6,14,0,0,1149.4,10,11,6
945094,2025-02-16,2025,8,Mitsubishi Sagamihara Dynaboars,Mie Honda Heat,N,37,38,L,4,222,201,0.9054,81,505.0,13,12,0.9231,48,40,0.8333,6,14,12,0,0,797.0,6,5,4
945093,2025-02-16,2025,8,Saitama Wild Knights,Yokohama Canon Eagles,N,51,36,W,7,220,192,0.8727,147,1133.0,7,6,0.8571,30,30,1.0,9,15,11,1,1,1051.8,8,13,7
945093,2025-02-16,2025,8,Yokohama Canon Eagles,Saitama Wild Knights,Y,36,51,L,6,207,181,0.8744,144,1224.0,11,11,1.0,55,55,1.0,15,9,8,1,0,1217.4,11,8,6
945096,2025-02-22,2025,9,BlackRams Tokyo,Toshiba Brave Lupus Tokyo,Y,44,45,L,7,196,141,0.7194,144,915.0,9,9,1.0,80,80,1.0,10,7,6,0,0,1033.8,6,13,7
945098,2025-02-22,2025,9,Kobelco Kobe Steelers,Toyota Verblitz,Y,63,21,W,9,304,263,0.8651,145,1072.0,11,9,0.8182,48,48,1.0,11,18,12,0,0,1044.8,8,14,9
945097,2025-02-22,2025,9,Kubota Spears,Shizuoka BlueRevs,Y,62,14,W,10,160,141,0.8812,139,1062.0,17,17,1.0,32,32,1.0,11,10,8,1,0,1187.0,10,14,10
945100,2025-02-22,2025,9,Mitsubishi Sagamihara Dynaboars,Saitama Wild Knights,N,10,39,L,2,195,170,0.8718,122,914.0,13,5,0.3846,104,80,0.7692,12,17,12,0,0,1040.8,9,7,2
945100,2025-02-22,2025,9,Saitama Wild Knights,Mitsubishi Sagamihara Dynaboars,Y,39,10,W,6,196,174,0.8878,124,1059.0,14,11,0.7857,64,64,1.0,17,12,9,0,0,1142.6,16,20,6
945097,2025-02-22,2025,9,Shizuoka BlueRevs,Kubota Spears,N,14,62,L,2,244,209,0.8566,89,692.0,15,11,0.7333,62,62,1.0,10,11,14,3,0,794.4,5,6,2
945096,2025-02-22,2025,9,Toshiba Brave Lupus Tokyo,BlackRams Tokyo,N,45,44,W,7,221,188,0.8507,121,1140.0,7,5,0.7143,72,56,0.7778,7,10,11,1,0,923.3,16,10,7
945098,2025-02-22,2025,9,Toyota Verblitz,Kobelco Kobe Steelers,N,21,63,L,3,202,176,0.8713,185,1171.0,8,7,0.875,79,71,0.8987,18,11,10,1,0,1369.7,12,10,3
945099,2025-02-23,2025,9,Mie Honda Heat,Yokohama Canon Eagles,Y,20,17,W,2,229,201,0.8777,122,560.0,15,12,0.8,80,56,0.7,8,16,16,0,0,967.6,0,7,2
945101,2025-02-23,2025,9,Tokyo Sungoliath,Urayasu D-Rocks,Y,40,35,W,6,165,138,0.8364,147,1070.0,14,13,0.9286,48,40,0.8333,9,11,11,1,0,1181.1,7,12,6
945101,2025-02-23,2025,9,Urayasu D-Rocks,Tokyo Sungoliath,N,35,40,L,5,261,235,0.9004,102,825.0,16,16,1.0,40,40,1.0,11,9,11,0,0,895.8,10,8,5
945099,2025-02-23,2025,9,Yokohama Canon Eagles,Mie Honda Heat,N,17,20,L,3,173,160,0.9249,143,786.0,15,10,0.6667,16,16,1.0,16,8,7,0,0,1171.9,4,12,3
945103,2025-03-01,2025,10,BlackRams Tokyo,Mitsubishi Sagamihara Dynaboars,N,22,7,W,4,206,183,0.8883,91,865.0,18,15,0.8333,72,72,1.0,16,14,13,0,0,896.6,10,13,4
945102,2025-03-01,2025,10,Kubota Spears,Toshiba Brave Lupus Tokyo,N,27,31,L,4,162,143,0.8827,83,517.0,10,7,0.7,72,72,1.0,7,15,12,2,0,834.4,4,8,4
945103,2025-03-01,2025,10,Mitsubishi Sagamihara Dynaboars,BlackRams Tokyo,Y,7,22,L,1,140,109,0.7786,127,1010.0,19,15,0.7895,64,48,0.75,14,16,16,0,0,1143.4,7,13,1
945102,2025-03-01,2025,10,Toshiba Brave Lupus Tokyo,Kubota Spears,Y,31,27,W,5,137,114,0.8321,106,612.0,18,18,1.0,64,56,0.875,15,7,12,1,0,904.3,7,10,5
945107,2025-03-01,2025,10,Toyota Verblitz,Urayasu D-Rocks,N,36,31,W,5,172,138,0.8023,93,563.0,21,17,0.8095,71,63,0.8873,13,17,12,2,0,794.0,6,12,5
945107,2025-03-01,2025,10,Urayasu D-Rocks,Toyota Verblitz,Y,31,36,L,4,138,120,0.8696,112,813.0,12,10,0.8333,87,87,1.0,17,13,19,2,0,935.8,10,13,4
945104,2025-03-02,2025,10,Kobelco Kobe Steelers,Saitama Wild Knights,N,32,46,L,4,182,155,0.8516,146,950.0,13,11,0.8462,40,40,1.0,16,11,13,0,0,1106.2,6,10,4
945106,2025-03-02,2025,10,Mie Honda Heat,Shizuoka BlueRevs,N,14,44,L,2,210,170,0.8095,122,794.0,13,10,0.7692,109,80,0.7339,16,16,13,1,0,989.1,2,11,2
945104,2025-03-02,2025,10,Saitama Wild Knights,Kobelco Kobe Steelers,Y,46,32,W,7,223,195,0.8744,111,773.0,13,13,1.0,80,80,1.0,11,16,8,1,0,1082.5,9,11,7
945106,2025-03-02,2025,10,Shizuoka BlueRevs,Mie Honda Heat,Y,44,14,W,6,209,195,0.933,129,1049.0,12,11,0.9167,48,40,0.8333,16,16,15,2,0,990.6,13,15,6
945105,2025-03-02,2025,10,Tokyo Sungoliath,Yokohama Canon Eagles,Y,22,33,L,3,144,125,0.8681,117,715.0,17,14,0.8235,48,24,0.5,17,9,10,0,0,993.0,8,12,3
945105,2025-03-02,2025,10,Yokohama Canon Eagles,Tokyo Sungoliath,N,33,22,W,3,208,176,0.8462,102,566.0,12,12,1.0,55,39,0.7091,9,17,11,2,0,992.3,7,9,3
945108,2025-03-14,2025,11,Kubota Spears,Urayasu D-Rocks,N,33,22,W,5,150,131,0.8733,128,724.0,16,15,0.9375,56,56,1.0,17,14,11,0,0,1068.3,4,13,5
945108,2025-03-14,2025,11,Urayasu D-Rocks,Kubota Spears,Y,22,33,L,3,211,180,0.8531,94,708.0,12,12,1.0,64,48,0.75,14,17,10,1,0,882.9,10,7,3
945109,2025-03-15,2025,11,BlackRams Tokyo,Yokohama Canon Eagles,N,27,20,W,3,147,118,0.8027,92,663.0,15,14,0.9333,64,64,1.0,15,8,11,2,0,893.9,7,8,3
945111,2025-03-15,2025,11,Kobelco Kobe Steelers,Mie Honda Heat,Y,47,5,W,7,173,152,0.8786,110,1146.0,16,15,0.9375,61,61,1.0,15,15,7,1,0,922.6,17,14,7
945111,2025-03-15,2025,11,Mie Honda Heat,Kobelco Kobe Steelers,N,5,47,L,1,166,128,0.7711,103,717.0,10,9,0.9,87,87,1.0,15,15,12,1,0,1057.0,3,6,1
945110,2025-03-15,2025,11,Saitama Wild Knights,Shizuoka BlueRevs,N,17,22,L,1,140,116,0.8286,109,601.0,19,16,0.8421,32,32,1.0,16,11,11,0,0,1041.5,3,16,1
945110,2025-03-15,2025,11,Shizuoka BlueRevs,Saitama Wild Knights,Y,22,17,W,3,190,179,0.9421,89,619.0,17,16,0.9412,80,64,0.8,11,16,13,0,0,846.8,7,8,3
945112,2025-03-15,2025,11,Toshiba Brave Lupus Tokyo,Toyota Verblitz,N,33,22,W,5,231,206,0.8918,88,630.0,11,11,1.0,78,70,0.8974,11,13,12,2,0,821.7,5,6,5
945112,2025-03-15,2025,11,Toyota Verblitz,Toshiba Brave Lupus Tokyo,Y,22,33,L,3,152,131,0.8618,141,886.0,16,11,0.6875,72,72,1.0,13,11,10,0,0,1164.3,7,10,3
945109,2025-03-15,2025,11,Yokohama Canon Eagles,BlackRams Tokyo,Y,20,27,L,2,160,142,0.8875,101,758.0,10,7,0.7,96,88,0.9167,8,15,13,0,1,936.2,5,7,2
945113,2025-03-16,2025,11,Mitsubishi Sagamihara Dynaboars,Tokyo Sungoliath,Y,34,22,W,5,140,122,0.8714,86,781.0,13,13,1.0,64,56,0.875,7,8,14,0,0,965.3,9,9,5
945113,2025-03-16,2025,11,Tokyo Sungoliath,Mitsubishi Sagamihara Dynaboars,N,22,34,L,3,155,126,0.8129,96,805.0,19,16,0.8421,40,40,1.0,8,7,10,0,0,966.2,4,9,3
945116,2025-03-22,2025,12,BlackRams Tokyo,Shizuoka BlueRevs,N,25,31,L,3,132,100,0.7576,124,838.0,13,13,1.0,62,54,0.871,20,12,13,1,0,900.9,5,11,3
945115,2025-03-22,2025,12,Kubota Spears,Yokohama Canon Eagles,Y,41,24,W,6,233,212,0.9099,70,445.0,13,13,1.0,64,56,0.875,10,18,19,0,0,694.1,5,9,6
945118,2025-03-22,2025,12,Mie Honda Heat,Urayasu D-Rocks,Y,31,39,L,5,190,165,0.8684,115,579.0,13,11,0.8462,55,55,1.0,9,10,12,0,1,1000.8,5,9,5
945119,2025-03-22,2025,12,Mitsubishi Sagamihara Dynaboars,Toyota Verblitz,N,31,22,W,5,195,171,0.8769,146,868.0,16,12,0.75,88,88,1.0,8,16,7,0,0,1171.9,9,13,5
945114,2025-03-22,2025,12,Saitama Wild Knights,Toshiba Brave Lupus Tokyo,N,31,42,L,4,186,154,0.828,163,896.0,16,9,0.5625,56,56,1.0,14,14,9,0,0,1230.4,10,13,4
945116,2025-03-22,2025,12,Shizuoka BlueRevs,BlackRams Tokyo,Y,31,25,W,4,169,157,0.929,84,773.0,10,8,0.8,96,80,0.8333,12,20,14,0,0,723.4,9,10,4
945114,2025-03-22,2025,12,Toshiba Brave Lupus Tokyo,Saitama Wild Knights,Y,42,31,W,6,251,220,0.8765,122,678.0,15,14,0.9333,46,38,0.8261,14,14,10,1,0,1031.3,10,10,6
945119,2025-03-22,2025,12,Toyota Verblitz,Mitsubishi Sagamihara Dynaboars,Y,22,31,L,4,231,211,0.9134,124,1038.0,12,10,0.8333,40,40,1.0,16,8,10,1,0,1071.3,10,10,4
945118,2025-03-22,2025,12,Urayasu D-Rocks,Mie Honda Heat,N,39,31,W,6,181,155,0.8564,114,639.0,14,13,0.9286,16,16,1.0,10,9,6,0,0,969.4,9,10,6
945115,2025-03-22,2025,12,Yokohama Canon Eagles,Kubota Spears,N,24,41,L,3,98,89,0.9082,144,858.0,16,14,0.875,48,48,1.0,18,10,10,0,0,1202.0,10,16,3
945117,2025-03-23,2025,12,Kobelco Kobe Steelers,Tokyo Sungoliath,N,39,37,W,6,205,176,0.8585,97,612.0,20,18,0.9,24,24,1.0,13,8,10,1,0,777.3,7,14,6
945117,2025-03-23,2025,12,Tokyo Sungoliath,Kobelco Kobe Steelers,Y,37,39,L,5,164,149,0.9085,130,823.0,14,12,0.8571,47,32,0.6809,8,13,13,1,0,1026.9,11,10,5
945121,2025-03-29,2025,13,Kubota Spears,Mitsubishi Sagamihara Dynaboars,Y,33,5,W,5,160,145,0.9062,105,774.0,16,15,0.9375,56,48,0.8571,14,9,11,0,0,1025.3,8,13,5
945121,2025-03-29,2025,13,Mitsubishi Sagamihara Dynaboars,Kubota Spears,N,5,33,L,1,156,141,0.9038,95,601.0,16,9,0.5625,72,40,0.5556,9,14,17,0,0,866.8,0,8,1
945122,2025-03-29,2025,13,Saitama Wild Knights,Urayasu D-Rocks,N,54,26,W,8,159,138,0.8679,133,1125.0,14,8,0.5714,56,56,1.0,9,11,9,0,0,970.4,13,12,8
945120,2025-03-29,2025,13,Shizuoka BlueRevs,Tokyo Sungoliath,N,17,22,L,2,177,160,0.904,131,957.0,20,14,0.7,56,48,0.8571,14,10,10,1,0,1156.2,5,9,2
945120,2025-03-29,2025,13,Tokyo Sungoliath,Shizuoka BlueRevs,Y,22,17,W,3,225,194,0.8622,99,775.0,13,12,0.9231,55,47,0.8545,10,14,13,1,0,1035.5,4,10,3
945122,2025-03-29,2025,13,Urayasu D-Rocks,Saitama Wild Knights,Y,26,54,L,4,203,168,0.8276,104,744.0,15,9,0.6,80,80,1.0,11,9,11,0,0,935.6,10,11,4
945124,2025-03-30,2025,13,BlackRams Tokyo,Kobelco Kobe Steelers,Y,24,27,L,4,161,136,0.8447,119,789.0,13,12,0.9231,55,48,0.8727,16,12,14,1,0,895.2,6,13,4
945124,2025-03-30,2025,13,Kobelco Kobe Steelers,BlackRams Tokyo,N,27,24,W,3,159,141,0.8868,107,707.0,13,12,0.9231,63,39,0.619,12,16,13,2,0,886.2,11,5,3
945123,2025-03-30,2025,13,Mie Honda Heat,Toshiba Brave Lupus Tokyo,N,21,59,L,3,203,151,0.7438,92,560.0,16,12,0.75,48,40,0.8333,9,15,11,1,0,823.8,5,7,3
945123,2025-03-30,2025,13,Toshiba Brave Lupus Tokyo,Mie Honda Heat,Y,59,21,W,9,158,132,0.8354,126,868.0,18,17,0.9444,40,40,1.0,15,9,10,2,0,968.8,14,12,9
945125,2025-03-30,2025,13,Toyota Verblitz,Yokohama Canon Eagles,N,29,17,W,5,251,212,0.8446,108,815.0,9,7,0.7778,56,48,0.8571,12,18,12,1,0,984.6,8,8,5
945125,2025-03-30,2025,13,Yokohama Canon Eagles,Toyota Verblitz,Y,17,29,L,2,189,163,0.8624,148,1115.0,15,14,0.9333,40,40,1.0,18,12,9,0,0,1268.0,6,12,2
945131,2025-04-05,2025,14,Mie Honda Heat,Tokyo Sungoliath,N,31,60,L,5,311,264,0.8489,137,981.0,17,13,0.7647,16,8,0.5,12,12,9,0,0,1074.1,7,10,5
945128,2025-04-05,2025,14,Mitsubishi Sagamihara Dynaboars,Shizuoka BlueRevs,N,8,38,L,1,197,148,0.7513,127,738.0,16,13,0.8125,56,32,0.5714,11,14,13,0,0,1158.0,7,9,1
945126,2025-04-05,2025,14,Saitama Wild Knights,Toyota Verblitz,Y,55,17,W,9,217,190,0.8756,131,994.0,18,15,0.8333,24,24,1.0,13,7,6,0,0,1065.3,9,13,9
945128,2025-04-05,2025,14,Shizuoka BlueRevs,Mitsubishi Sagamihara Dynaboars,Y,38,8,W,6,227,194,0.8546,129,904.0,13,11,0.8462,64,64,1.0,14,11,12,0,0,1034.6,10,10,6
945131,2025-04-05,2025,14,Tokyo Sungoliath,Mie Honda Heat,Y,60,31,W,10,213,181,0.8498,181,1521.0,12,12,1.0,32,32,1.0,12,12,6,0,0,1352.2,17,15,10
945126,2025-04-05,2025,14,Toyota Verblitz,Saitama Wild Knights,N,17,55,L,3,206,170,0.8252,135,834.0,5,5,1.0,61,46,0.7541,7,13,17,1,1,1010.2,7,5,3
945127,2025-04-05,2025,14,Urayasu D-Rocks,Yokohama Canon Eagles,N,22,33,L,3,221,188,0.8507,86,586.0,12,9,0.75,64,48,0.75,8,9,14,0,0,707.0,7,7,3
945127,2025-04-05,2025,14,Yokohama Canon Eagles,Urayasu D-Rocks,Y,33,22,W,5,147,125,0.8503,140,802.0,15,12,0.8,68,45,0.6618,9,8,13,0,0,1033.0,7,12,5
945129,2025-04-06,2025,14,BlackRams Tokyo,Kubota Spears,Y,14,42,L,2,164,143,0.872,127,635.0,19,14,0.7368,40,40,1.0,12,9,11,1,0,1015.4,4,10,2
945130,2025-04-06,2025,14,Kobelco Kobe Steelers,Toshiba Brave Lupus Tokyo,Y,28,73,L,4,150,112,0.7467,125,898.0,13,11,0.8462,56,56,1.0,20,16,7,0,0,959.9,8,12,4
945129,2025-04-06,2025,14,Kubota Spears,BlackRams Tokyo,N,42,14,W,6,209,189,0.9043,105,721.0,14,12,0.8571,70,70,1.0,9,12,9,1,0,914.7,7,11,6
945130,2025-04-06,2025,14,Toshiba Brave Lupus Tokyo,Kobelco Kobe Steelers,N,73,28,W,11,195,180,0.9231,130,1293.0,11,10,0.9091,64,56,0.875,16,20,13,0,0,855.0,16,15,11
945132,2025-04-11,2025,15,Mie Honda Heat,Saitama Wild Knights,Y,33,53,L,5,192,163,0.849,80,345.0,13,7,0.5385,111,111,1.0,9,12,7,2,0,799.7,2,7,5
945132,2025-04-11,2025,15,Saitama Wild Knights,Mie Honda Heat,N,53,33,W,8,124,110,0.8871,115,784.0,12,11,0.9167,40,40,1.0,12,9,4,0,0,1049.5,11,16,8
945136,2025-04-12,2025,15,Kobelco Kobe Steelers,Urayasu D-Rocks,N,33,20,W,5,164,143,0.872,133,874.0,19,17,0.8947,54,46,0.8519,14,11,8,1,0,1087.8,7,11,5
945133,2025-04-12,2025,15,Mitsubishi Sagamihara Dynaboars,Yokohama Canon Eagles,Y,38,28,W,5,146,115,0.7877,125,692.0,22,19,0.8636,40,40,1.0,9,13,7,1,0,1205.5,6,11,5
945134,2025-04-12,2025,15,Shizuoka BlueRevs,Toshiba Brave Lupus Tokyo,N,56,26,W,8,169,136,0.8047,86,807.0,14,12,0.8571,80,72,0.9,8,22,7,0,0,764.0,9,14,8
945134,2025-04-12,2025,15,Toshiba Brave Lupus Tokyo,Shizuoka BlueRevs,Y,26,56,L,4,135,114,0.8444,137,1099.0,11,9,0.8182,40,40,1.0,22,8,11,0,0,935.2,9,11,4
945136,2025-04-12,2025,15,Urayasu D-Rocks,Kobelco Kobe Steelers,Y,20,33,L,3,240,209,0.8708,108,785.0,8,8,1.0,86,70,0.814,11,14,19,1,0,872.6,7,11,3
945133,2025-04-12,2025,15,Yokohama Canon Eagles,Mitsubishi Sagamihara Dynaboars,N,28,38,L,4,212,181,0.8538,104,828.0,10,9,0.9,56,48,0.8571,13,9,15,0,0,788.3,10,9,4
945137,2025-04-13,2025,15,BlackRams Tokyo,Toyota Verblitz,Y,37,7,W,4,162,136,0.8395,145,756.0,17,14,0.8235,56,48,0.8571,7,12,12,1,0,1216.6,5,11,4
945135,2025-04-13,2025,15,Kubota Spears,Tokyo Sungoliath,Y,30,10,W,4,188,168,0.8936,81,460.0,22,21,0.9545,64,64,1.0,10,12,8,0,0,880.2,4,11,4
945135,2025-04-13,2025,15,Tokyo Sungoliath,Kubota Spears,N,10,30,L,2,140,118,0.8429,116,590.0,11,8,0.7273,56,48,0.8571,12,10,12,0,0,1005.7,2,5,2
945137,2025-04-13,2025,15,Toyota Verblitz,BlackRams Tokyo,N,7,37,L,1,219,197,0.8995,92,573.0,16,12,0.75,16,16,1.0,12,7,15,2,0,838.4,6,7,1
945138,2025-04-25,2025,16,Toshiba Brave Lupus Tokyo,Urayasu D-Rocks,N,61,19,W,9,111,88,0.7928,135,1047.0,17,15,0.8824,72,72,1.0,19,14,5,0,0,1123.1,12,17,9
945138,2025-04-25,2025,16,Urayasu D-Rocks,Toshiba Brave Lupus Tokyo,Y,19,61,L,3,215,173,0.8047,75,501.0,9,8,0.8889,104,80,0.7692,14,19,12,0,0,692.6,6,5,3
945139,2025-04-26,2025,16,BlackRams Tokyo,Saitama Wild Knights,N,21,27,L,3,160,133,0.8313,125,888.0,12,9,0.75,56,56,1.0,16,13,15,2,0,984.5,8,7,3
945141,2025-04-26,2025,16,Kobelco Kobe Steelers,Mitsubishi Sagamihara Dynaboars,Y,59,33,W,9,179,157,0.8771,135,1290.0,12,12,1.0,32,32,1.0,16,13,9,0,0,1032.5,17,14,9
945140,2025-04-26,2025,16,Kubota Spears,Mie Honda Heat,Y,39,20,W,6,137,130,0.9489,106,659.0,15,14,0.9333,48,48,1.0,13,12,9,0,0,904.1,7,10,6
945140,2025-04-26,2025,16,Mie Honda Heat,Kubota Spears,N,20,39,L,2,162,144,0.8889,83,399.0,16,16,1.0,48,40,0.8333,12,13,8,0,0,817.7,3,8,2
945141,2025-04-26,2025,16,Mitsubishi Sagamihara Dynaboars,Kobelco Kobe Steelers,N,33,59,L,5,170,140,0.8235,115,781.0,12,10,0.8333,48,40,0.8333,13,16,7,1,0,1005.6,6,9,5
945139,2025-04-26,2025,16,Saitama Wild Knights,BlackRams Tokyo,Y,27,21,W,3,195,160,0.8205,115,776.0,16,14,0.875,92,92,1.0,13,16,13,0,0,984.2,5,12,3
945142,2025-04-27,2025,16,Shizuoka BlueRevs,Yokohama Canon Eagles,Y,38,28,W,6,271,215,0.7934,111,790.0,15,15,1.0,47,39,0.8298,12,13,13,1,0,961.9,5,7,6
945143,2025-04-27,2025,16,Tokyo Sungoliath,Toyota Verblitz,N,45,28,W,7,204,175,0.8578,142,1041.0,18,18,1.0,56,56,1.0,13,19,10,1,0,1120.8,11,15,7
945143,2025-04-27,2025,16,Toyota Verblitz,Tokyo Sungoliath,Y,28,45,L,4,217,180,0.8295,138,970.0,11,9,0.8182,47,47,1.0,19,13,10,0,0,984.4,11,9,4
945142,2025-04-27,2025,16,Yokohama Canon Eagles,Shizuoka BlueRevs,N,28,38,L,4,200,163,0.815,167,1164.0,19,15,0.7895,32,16,0.5,13,12,14,0,0,1263.4,8,13,4
945146,2025-05-03,2025,17,BlackRams Tokyo,Tokyo Sungoliath,N,34,43,L,5,148,126,0.8514,115,757.0,13,11,0.8462,53,53,1.0,13,5,11,3,0,923.9,8,8,5
945144,2025-05-03,2025,17,Kubota Spears,Saitama Wild Knights,Y,29,29,D,4,203,175,0.8621,108,895.0,13,11,0.8462,40,32,0.8,18,11,4,0,0,1012.0,7,11,4
945145,2025-05-03,2025,17,Mitsubishi Sagamihara Dynaboars,Toshiba Brave Lupus Tokyo,Y,28,45,L,4,213,172,0.8075,84,514.0,10,5,0.5,103,103,1.0,9,13,14,1,0,604.4,8,9,4
945144,2025-05-03,2025,17,Saitama Wild Knights,Kubota Spears,N,29,29,D,4,162,142,0.8765,147,1023.0,4,4,1.0,88,72,0.8182,11,18,8,0,0,1132.0,5,7,4
945147,2025-05-03,2025,17,Shizuoka BlueRevs,Urayasu D-Rocks,Y,62,52,W,10,152,135,0.8882,127,1197.0,12,10,0.8333,24,24,1.0,9,10,13,0,0,959.3,8,15,10
945146,2025-05-03,2025,17,Tokyo Sungoliath,BlackRams Tokyo,Y,43,34,W,5,161,132,0.8199,118,794.0,16,15,0.9375,64,64,1.0,5,13,15,0,0,987.3,11,11,5
945145,2025-05-03,2025,17,Toshiba Brave Lupus Tokyo,Mitsubishi Sagamihara Dynaboars,N,45,28,W,7,104,80,0.7692,128,878.0,17,14,0.8235,49,49,1.0,13,9,8,0,0,1047.3,8,13,7
945147,2025-05-03,2025,17,Urayasu D-Rocks,Shizuoka BlueRevs,N,52,62,L,7,189,151,0.7989,102,884.0,13,11,0.8462,40,32,0.8,10,9,8,1,0,820.4,5,11,7
945149,2025-05-04,2025,17,Kobelco Kobe Steelers,Yokohama Canon Eagles,N,47,29,W,7,170,143,0.8412,121,897.0,19,18,0.9474,80,64,0.8,14,17,13,0,0,856.3,9,13,7
945148,2025-05-04,2025,17,Mie Honda Heat,Toyota Verblitz,Y,30,38,L,4,144,119,0.8264,140,1064.0,15,14,0.9333,85,85,1.0,9,13,11,1,0,1213.9,3,13,4
945148,2025-05-04,2025,17,Toyota Verblitz,Mie Honda Heat,N,38,30,W,6,192,177,0.9219,91,816.0,15,13,0.8667,24,16,0.6667,13,9,15,1,0,794.8,8,10,6
945149,2025-05-04,2025,17,Yokohama Canon Eagles,Kobelco Kobe Steelers,Y,29,47,L,5,151,126,0.8344,127,1035.0,12,9,0.75,24,24,1.0,17,14,13,3,0,969.3,11,11,5
945150,2025-05-09,2025,18,Mitsubishi Sagamihara Dynaboars,Urayasu D-Rocks,N,21,34,L,3,136,116,0.8529,111,778.0,18,12,0.6667,80,56,0.7,10,15,15,0,0,987.4,9,8,3
945150,2025-05-09,2025,18,Urayasu D-Rocks,Mitsubishi Sagamihara Dynaboars,Y,34,21,W,4,174,141,0.8103,90,613.0,19,17,0.8947,48,48,1.0,15,10,14,0,0,942.7,8,13,4
945152,2025-05-10,2025,18,Kobelco Kobe Steelers,Shizuoka BlueRevs,Y,23,29,L,2,151,126,0.8344,117,1072.0,10,10,1.0,63,39,0.619,19,12,18,2,0,932.0,9,11,2
945154,2025-05-10,2025,18,Kubota Spears,Toyota Verblitz,N,37,14,W,5,195,179,0.9179,131,792.0,16,14,0.875,54,46,0.8519,8,16,9,1,0,1159.0,5,11,5
945151,2025-05-10,2025,18,Saitama Wild Knights,Tokyo Sungoliath,Y,60,17,W,8,206,172,0.835,108,871.0,15,14,0.9333,56,48,0.8571,6,18,9,0,0,973.5,13,13,8
945152,2025-05-10,2025,18,Shizuoka BlueRevs,Kobelco Kobe Steelers,N,29,23,W,4,178,150,0.8427,102,914.0,23,16,0.6957,64,64,1.0,12,19,13,1,0,882.4,9,12,4
945151,2025-05-10,2025,18,Tokyo Sungoliath,Saitama Wild Knights,N,17,60,L,2,148,114,0.7703,120,866.0,18,18,1.0,40,32,0.8,18,6,9,2,0,1151.5,6,7,2
945153,2025-05-10,2025,18,Toshiba Brave Lupus Tokyo,Yokohama Canon Eagles,Y,49,28,W,7,172,147,0.8547,85,474.0,21,20,0.9524,40,40,1.0,10,13,10,0,0,796.0,4,13,7
945154,2025-05-10,2025,18,Toyota Verblitz,Kubota Spears,Y,14,37,L,2,205,175,0.8537,116,585.0,17,15,0.8824,40,40,1.0,16,8,15,0,0,968.0,4,11,2
945153,2025-05-10,2025,18,Yokohama Canon Eagles,Toshiba Brave Lupus Tokyo,N,28,49,L,4,130,117,0.9,112,662.0,19,17,0.8947,16,16,1.0,13,10,12,1,0,1031.8,5,13,4
945155,2025-05-11,2025,18,BlackRams Tokyo,Mie Honda Heat,Y,67,22,W,11,85,76,0.8941,129,1254.0,17,16,0.9412,48,40,0.8333,12,7,6,0,0,1043.5,17,15,11
945155,2025-05-11,2025,18,Mie Honda Heat,BlackRams Tokyo,N,22,67,L,4,206,157,0.7621,69,510.0,12,9,0.75,64,64,1.0,7,12,14,1,0,618.4,7,9,4
945156,2025-05-17,2025,19,Kobelco Kobe Steelers,Shizuoka BlueRevs,N,35,20,W,4,139,120,0.8633,116,851.0,14,13,0.9286,72,64,0.8889,16,12,11,0,0,918.2,6,13,4
945156,2025-05-17,2025,19,Shizuoka BlueRevs,Kobelco Kobe Steelers,Y,20,35,L,2,190,161,0.8474,92,650.0,8,6,0.75,88,72,0.8182,12,16,18,1,0,772.9,2,6,2
945157,2025-05-18,2025,19,Kubota Spears,Tokyo Sungoliath,Y,20,15,W,2,134,117,0.8731,105,589.0,15,12,0.8,112,112,1.0,11,13,9,0,0,995.6,2,9,2
945157,2025-05-18,2025,19,Tokyo Sungoliath,Kubota Spears,N,15,20,L,2,158,137,0.8671,95,583.0,14,14,1.0,40,40,1.0,13,11,15,0,0,817.2,4,6,2
945158,2025-05-24,2025,20,Kobelco Kobe Steelers,Toshiba Brave Lupus Tokyo,N,3,31,L,0,180,149,0.8278,95,861.0,11,7,0.6364,78,70,0.8974,16,11,14,1,0,773.5,4,6,0
945158,2025-05-24,2025,20,Toshiba Brave Lupus Tokyo,Kobelco Kobe Steelers,Y,31,3,W,4,157,131,0.8344,113,817.0,19,16,0.8421,88,88,1.0,11,16,8,0,0,934.5,6,12,4
945159,2025-05-25,2025,20,Kubota Spears,Saitama Wild Knights,N,28,24,W,3,206,184,0.8932,89,532.0,12,9,0.75,72,72,1.0,9,13,7,0,0,825.1,4,6,3
945159,2025-05-25,2025,20,Saitama Wild Knights,Kubota Spears,Y,24,28,L,3,132,118,0.8939,136,928.0,16,14,0.875,56,48,0.8571,13,9,13,0,0,1039.4,4,10,3
945160,2025-05-31,2025,21,Kobelco Kobe Steelers,Saitama Wild Knights,Y,22,17,W,3,156,131,0.8397,126,627.0,13,11,0.8462,96,88,0.9167,10,16,9,0,0,1042.1,4,10,3
945160,2025-05-31,2025,21,Saitama Wild Knights,Kobelco Kobe Steelers,N,17,22,L,2,216,186,0.8611,104,548.0,9,7,0.7778,96,96,1.0,16,10,7,0,0,832.1,4,7,2
945161,2025-06-01,2025,22,Kubota Spears,Toshiba Brave Lupus Tokyo,N,13,18,L,1,204,171,0.8382,104,598.0,9,6,0.6667,64,64,1.0,10,11,10,1,0,925.8,3,5,1
945161,2025-06-01,2025,22,Toshiba Brave Lupus Tokyo,Kubota Spears,Y,18,13,W,2,161,136,0.8447,124,729.0,16,14,0.875,64,64,1.0,11,10,9,0,0,1022.0,11,9,2
948752,2025-12-13,2026,1,BlackRams Tokyo,Tokyo Sungoliath,Y,15,29,L,2,205,184,0.8976,71,611.0,14,7,0.5,48,48,1.0,9,8,15,2,0,689.7,4,6,2
948748,2025-12-13,2026,1,Kobelco Kobe Steelers,Kubota Spears,Y,28,33,L,3,158,142,0.8987,160,973.0,14,13,0.9286,24,24,1.0,7,8,13,1,0,1158.3,7,10,3
948748,2025-12-13,2026,1,Kubota Spears,Kobelco Kobe Steelers,N,33,28,W,4,209,182,0.8708,111,641.0,14,12,0.8571,16,16,1.0,8,7,10,0,1,871.8,3,10,4
948749,2025-12-13,2026,1,Mie Honda Heat,Toyota Verblitz,N,33,44,L,5,300,246,0.82,133,691.0,12,9,0.75,32,32,1.0,11,6,8,0,0,947.5,4,10,5
948747,2025-12-13,2026,1,Mitsubishi Sagamihara Dynaboars,Urayasu D-Rocks,N,24,27,L,3,175,142,0.8114,147,813.0,10,8,0.8,75,60,0.8,10,20,14,3,0,1175.7,7,11,3
948752,2025-12-13,2026,1,Tokyo Sungoliath,BlackRams Tokyo,N,29,15,W,5,121,101,0.8347,128,973.0,13,10,0.7692,56,56,1.0,8,9,9,0,0,1016.6,6,10,5
948749,2025-12-13,2026,1,Toyota Verblitz,Mie Honda Heat,Y,44,33,W,6,197,178,0.9036,179,857.0,7,7,1.0,61,38,0.623,6,11,10,1,0,1231.0,10,9,6
948747,2025-12-13,2026,1,Urayasu D-Rocks,Mitsubishi Sagamihara Dynaboars,Y,27,24,W,3,221,200,0.905,133,941.0,17,11,0.6471,56,56,1.0,20,10,10,0,0,988.4,9,12,3
948750,2025-12-14,2026,1,Saitama Wild Knights,Toshiba Brave Lupus Tokyo,N,46,0,W,4,174,152,0.8736,112,686.0,15,11,0.7333,88,80,0.9091,4,14,8,0,0,1106.4,9,11,4
948751,2025-12-14,2026,1,Shizuoka BlueRevs,Yokohama Canon Eagles,N,39,27,W,6,213,201,0.9437,115,860.0,12,11,0.9167,56,56,1.0,5,7,13,1,0,975.6,9,7,6
948750,2025-12-14,2026,1,Toshiba Brave Lupus Tokyo,Saitama Wild Knights,Y,0,46,L,0,168,151,0.8988,109,663.0,13,12,0.9231,24,16,0.6667,14,4,20,2,0,895.6,6,4,0
948751,2025-12-14,2026,1,Yokohama Canon Eagles,Shizuoka BlueRevs,Y,27,39,L,3,206,184,0.8932,143,902.0,12,11,0.9167,48,48,1.0,7,5,12,2,0,1153.9,5,12,3
948753,2025-12-20,2026,2,BlackRams Tokyo,Kubota Spears,N,28,50,L,3,163,133,0.816,88,567.0,24,20,0.8333,64,64,1.0,10,12,4,0,0,875.9,7,9,3
948753,2025-12-20,2026,2,Kubota Spears,BlackRams Tokyo,Y,50,28,W,7,121,98,0.8099,95,838.0,14,13,0.9286,31,23,0.7419,12,10,17,1,0,911.5,7,12,7
948754,2025-12-20,2026,2,Tokyo Sungoliath,Toyota Verblitz,Y,43,25,W,6,173,146,0.8439,128,893.0,16,16,1.0,16,16,1.0,15,13,9,1,0,1075.2,7,12,6
948754,2025-12-20,2026,2,Toyota Verblitz,Tokyo Sungoliath,N,25,43,L,3,186,150,0.8065,113,721.0,15,12,0.8,46,46,1.0,13,15,8,1,0,940.0,9,6,3
948758,2025-12-21,2026,2,Kobelco Kobe Steelers,Mie Honda Heat,N,28,23,W,4,213,195,0.9155,103,624.0,5,4,0.8,56,48,0.8571,13,10,14,2,0,853.8,2,7,4
948758,2025-12-21,2026,2,Mie Honda Heat,Kobelco Kobe Steelers,Y,23,28,L,1,183,166,0.9071,133,756.0,16,14,0.875,86,78,0.907,10,13,7,2,0,1104.1,6,11,1
948757,2025-12-21,2026,2,Mitsubishi Sagamihara Dynaboars,Yokohama Canon Eagles,Y,17,10,W,3,160,138,0.8625,116,574.0,15,14,0.9333,40,32,0.8,12,8,13,1,1,1052.2,3,8,3
948755,2025-12-21,2026,2,Saitama Wild Knights,Urayasu D-Rocks,Y,37,19,W,5,200,169,0.845,91,687.0,19,15,0.7895,32,32,1.0,17,8,8,0,0,1012.0,7,9,5
948756,2025-12-21,2026,2,Shizuoka BlueRevs,Toshiba Brave Lupus Tokyo,Y,22,26,L,3,128,108,0.8438,107,631.0,20,18,0.9,96,88,0.9167,11,7,14,0,0,916.2,2,13,3
948756,2025-12-21,2026,2,Toshiba Brave Lupus Tokyo,Shizuoka BlueRevs,N,26,22,W,4,150,131,0.8733,84,511.0,17,13,0.7647,56,40,0.7143,7,11,17,1,0,722.0,3,7,4
948755,2025-12-21,2026,2,Urayasu D-Rocks,Saitama Wild Knights,N,19,37,L,3,126,110,0.873,119,796.0,22,15,0.6818,64,32,0.5,8,17,17,0,0,1057.1,4,12,3
948757,2025-12-21,2026,2,Yokohama Canon Eagles,Mitsubishi Sagamihara Dynaboars,N,10,17,L,2,179,163,0.9106,116,715.0,14,11,0.7857,64,56,0.875,8,12,14,0,0,931.3,8,9,2
948763,2025-12-27,2026,3,BlackRams Tokyo,Mie Honda Heat,Y,32,28,W,4,188,170,0.9043,118,743.0,15,14,0.9333,48,48,1.0,14,9,12,2,0,826.8,8,11,4
948764,2025-12-27,2026,3,Kobelco Kobe Steelers,Toyota Verblitz,Y,49,29,W,7,268,237,0.8843,95,697.0,10,10,1.0,77,77,1.0,6,12,14,1,0,797.4,5,10,7
948759,2025-12-27,2026,3,Kubota Spears,Tokyo Sungoliath,Y,79,20,W,11,216,179,0.8287,124,1013.0,10,9,0.9,32,24,0.75,8,17,8,1,0,925.1,13,18,11
948763,2025-12-27,2026,3,Mie Honda Heat,BlackRams Tokyo,N,28,32,L,4,156,139,0.891,110,770.0,17,15,0.8824,88,64,0.7273,9,14,13,0,0,858.6,4,10,4
948759,2025-12-27,2026,3,Tokyo Sungoliath,Kubota Spears,N,20,79,L,2,188,160,0.8511,126,784.0,10,10,1.0,48,32,0.6667,17,8,11,0,0,1056.6,3,4,2
948764,2025-12-27,2026,3,Toyota Verblitz,Kobelco Kobe Steelers,N,29,49,L,4,148,128,0.8649,159,932.0,18,16,0.8889,64,64,1.0,12,6,7,0,0,1141.0,2,12,4
948762,2025-12-28,2026,3,Mitsubishi Sagamihara Dynaboars,Saitama Wild Knights,Y,3,33,L,0,162,145,0.8951,114,688.0,18,14,0.7778,40,32,0.8,11,10,16,2,0,965.6,5,8,0
948762,2025-12-28,2026,3,Saitama Wild Knights,Mitsubishi Sagamihara Dynaboars,N,33,3,W,5,178,158,0.8876,137,960.0,23,20,0.8696,84,69,0.8214,10,11,12,2,0,1073.3,4,11,5
948761,2025-12-28,2026,3,Shizuoka BlueRevs,Urayasu D-Rocks,Y,21,34,L,3,202,176,0.8713,173,1402.0,11,11,1.0,56,48,0.8571,18,10,11,0,0,1126.7,7,13,3
948760,2025-12-28,2026,3,Toshiba Brave Lupus Tokyo,Yokohama Canon Eagles,N,41,19,W,7,147,118,0.8027,111,799.0,12,10,0.8333,64,56,0.875,11,12,14,1,1,985.1,8,12,7
948761,2025-12-28,2026,3,Urayasu D-Rocks,Shizuoka BlueRevs,N,34,21,W,4,219,187,0.8539,121,962.0,10,7,0.7,80,64,0.8,10,18,12,1,0,998.1,5,9,4
948760,2025-12-28,2026,3,Yokohama Canon Eagles,Toshiba Brave Lupus Tokyo,Y,19,41,L,3,182,159,0.8736,88,614.0,17,11,0.6471,88,64,0.7273,12,11,12,0,0,711.9,3,8,3
948769,2026-01-10,2026,4,BlackRams Tokyo,Toyota Verblitz,N,37,29,W,4,174,148,0.8506,134,908.0,15,12,0.8,61,61,1.0,9,14,9,3,0,1062.2,8,11,4
948768,2026-01-10,2026,4,Kobelco Kobe Steelers,Tokyo Sungoliath,N,22,20,W,3,197,177,0.8985,155,960.0,22,20,0.9091,8,8,1.0,16,11,9,0,0,1236.2,4,14,3
948765,2026-01-10,2026,4,Mitsubishi Sagamihara Dynaboars,Toshiba Brave Lupus Tokyo,N,22,47,L,3,106,81,0.7642,144,886.0,14,12,0.8571,56,56,1.0,12,6,11,1,0,1206.2,5,9,3
948766,2026-01-10,2026,4,Saitama Wild Knights,Shizuoka BlueRevs,Y,37,22,W,6,197,158,0.802,111,860.0,15,11,0.7333,55,47,0.8545,15,14,11,1,0,974.6,9,13,6
948766,2026-01-10,2026,4,Shizuoka BlueRevs,Saitama Wild Knights,N,22,37,L,3,191,156,0.8168,138,1053.0,11,9,0.8182,71,56,0.7887,14,15,11,1,0,972.0,5,7,3
948768,2026-01-10,2026,4,Tokyo Sungoliath,Kobelco Kobe Steelers,Y,20,22,L,2,238,205,0.8613,114,739.0,8,7,0.875,59,51,0.8644,11,16,16,1,1,1030.8,3,5,2
948765,2026-01-10,2026,4,Toshiba Brave Lupus Tokyo,Mitsubishi Sagamihara Dynaboars,Y,47,22,W,7,253,219,0.8656,84,672.0,16,13,0.8125,80,56,0.7,6,12,17,3,0,652.3,10,9,7
948769,2026-01-10,2026,4,Toyota Verblitz,BlackRams Tokyo,Y,29,37,L,4,222,179,0.8063,102,706.0,17,15,0.8824,16,16,1.0,14,9,16,1,0,901.2,6,11,4
948767,2026-01-10,2026,4,Urayasu D-Rocks,Yokohama Canon Eagles,Y,28,22,W,4,233,208,0.8927,105,732.0,13,11,0.8462,64,48,0.75,6,13,9,0,0,936.5,11,8,4
948767,2026-01-10,2026,4,Yokohama Canon Eagles,Urayasu D-Rocks,N,22,28,L,3,172,150,0.8721,142,951.0,10,8,0.8,48,32,0.6667,13,6,12,1,0,1026.0,2,12,3
948770,2026-01-11,2026,4,Kubota Spears,Mie Honda Heat,N,45,21,W,7,211,177,0.8389,108,960.0,18,17,0.9444,64,64,1.0,18,11,3,1,0,891.6,12,17,7
948770,2026-01-11,2026,4,Mie Honda Heat,Kubota Spears,Y,21,45,L,3,198,155,0.7828,115,876.0,9,7,0.7778,72,72,1.0,11,18,13,1,0,1005.3,9,7,3
948775,2026-01-17,2026,5,BlackRams Tokyo,Kobelco Kobe Steelers,N,21,67,L,3,195,162,0.8308,119,748.0,17,13,0.7647,40,40,1.0,17,12,7,1,0,942.8,4,12,3
948775,2026-01-17,2026,5,Kobelco Kobe Steelers,BlackRams Tokyo,Y,67,21,W,10,173,146,0.8439,131,1108.0,11,10,0.9091,56,48,0.8571,12,17,8,0,0,921.0,13,13,10
948774,2026-01-17,2026,5,Kubota Spears,Toyota Verblitz,Y,39,10,W,5,204,177,0.8676,115,740.0,16,16,1.0,64,64,1.0,11,16,15,0,0,969.2,11,14,5
948776,2026-01-17,2026,5,Mie Honda Heat,Tokyo Sungoliath,N,15,30,L,2,243,211,0.8683,111,778.0,16,14,0.875,47,47,1.0,9,10,18,2,1,895.6,2,6,2
948771,2026-01-17,2026,5,Mitsubishi Sagamihara Dynaboars,Shizuoka BlueRevs,N,36,47,L,5,194,174,0.8969,104,821.0,15,13,0.8667,48,32,0.6667,8,11,16,0,0,828.2,4,10,5
948772,2026-01-17,2026,5,Saitama Wild Knights,Yokohama Canon Eagles,N,50,21,W,7,191,165,0.8639,110,731.0,11,11,1.0,80,72,0.9,14,13,8,0,0,940.4,11,11,7
948771,2026-01-17,2026,5,Shizuoka BlueRevs,Mitsubishi Sagamihara Dynaboars,Y,47,36,W,7,148,129,0.8716,129,989.0,14,10,0.7143,48,48,1.0,11,8,13,0,1,962.7,10,12,7
948776,2026-01-17,2026,5,Tokyo Sungoliath,Mie Honda Heat,Y,30,15,W,4,146,129,0.8836,156,925.0,13,13,1.0,48,40,0.8333,10,9,12,1,0,1286.6,8,11,4
948773,2026-01-17,2026,5,Toshiba Brave Lupus Tokyo,Urayasu D-Rocks,N,38,27,W,6,193,164,0.8497,170,1413.0,17,16,0.9412,48,40,0.8333,19,13,8,0,0,1300.6,8,16,6
948774,2026-01-17,2026,5,Toyota Verblitz,Kubota Spears,N,10,39,L,2,184,165,0.8967,126,745.0,18,17,0.9444,56,56,1.0,16,11,15,1,0,1081.8,10,11,2
948773,2026-01-17,2026,5,Urayasu D-Rocks,Toshiba Brave Lupus Tokyo,Y,27,38,L,3,227,199,0.8767,131,1118.0,9,7,0.7778,56,56,1.0,13,19,10,0,0,1150.8,11,10,3
948772,2026-01-17,2026,5,Yokohama Canon Eagles,Saitama Wild Knights,Y,21,50,L,3,141,117,0.8298,140,811.0,16,9,0.5625,47,24,0.5106,13,14,9,2,0,1102.0,6,8,3
948779,2026-01-24,2026,6,BlackRams Tokyo,Mitsubishi Sagamihara Dynaboars,N,33,24,W,3,140,121,0.8643,134,951.0,15,11,0.7333,24,24,1.0,9,9,11,1,0,1078.2,4,11,3
948780,2026-01-24,2026,6,Kobelco Kobe Steelers,Yokohama Canon Eagles,N,38,32,W,6,144,105,0.7292,109,810.0,15,15,1.0,55,55,1.0,12,13,15,1,0,898.2,8,11,6
948781,2026-01-24,2026,6,Kubota Spears,Toshiba Brave Lupus Tokyo,N,20,24,L,2,236,198,0.839,108,853.0,16,16,1.0,47,47,1.0,13,11,11,1,0,1015.5,7,7,2
948778,2026-01-24,2026,6,Mie Honda Heat,Urayasu D-Rocks,Y,32,23,W,6,185,155,0.8378,105,826.0,15,13,0.8667,56,48,0.8571,9,11,15,0,0,928.0,7,14,6
948779,2026-01-24,2026,6,Mitsubishi Sagamihara Dynaboars,BlackRams Tokyo,Y,24,33,L,4,238,207,0.8697,92,635.0,12,9,0.75,64,64,1.0,9,9,15,2,0,833.8,5,10,4
948777,2026-01-24,2026,6,Saitama Wild Knights,Tokyo Sungoliath,Y,31,30,W,4,236,193,0.8178,135,819.0,12,10,0.8333,40,40,1.0,10,9,12,0,0,1087.0,5,13,4
948777,2026-01-24,2026,6,Tokyo Sungoliath,Saitama Wild Knights,N,30,31,L,4,189,166,0.8783,127,889.0,15,12,0.8,64,48,0.75,9,10,8,1,0,1204.2,6,10,4
948781,2026-01-24,2026,6,Toshiba Brave Lupus Tokyo,Kubota Spears,Y,24,20,W,4,184,165,0.8967,147,976.0,20,17,0.85,80,72,0.9,11,13,10,0,0,1253.6,7,15,4
948778,2026-01-24,2026,6,Urayasu D-Rocks,Mie Honda Heat,N,23,32,L,2,178,145,0.8146,105,845.0,18,11,0.6111,55,55,1.0,11,9,14,1,1,878.8,3,9,2
948780,2026-01-24,2026,6,Yokohama Canon Eagles,Kobelco Kobe Steelers,Y,32,38,L,5,180,159,0.8833,93,685.0,11,8,0.7273,56,56,1.0,13,12,14,0,0,730.2,7,10,5
948782,2026-01-25,2026,6,Shizuoka BlueRevs,Toyota Verblitz,Y,43,19,W,7,209,180,0.8612,129,972.0,16,13,0.8125,72,64,0.8889,9,11,13,0,0,955.5,9,12,7
948782,2026-01-25,2026,6,Toyota Verblitz,Shizuoka BlueRevs,N,19,43,L,3,197,173,0.8782,123,815.0,12,11,0.9167,56,32,0.5714,11,9,18,1,0,992.1,6,9,3
948783,2026-02-07,2026,7,BlackRams Tokyo,Saitama Wild Knights,Y,6,13,L,0,165,148,0.897,153,907.0,16,11,0.6875,80,72,0.9,18,14,11,0,0,1321.5,5,8,0
948785,2026-02-07,2026,7,Kobelco Kobe Steelers,Shizuoka BlueRevs,Y,60,45,W,10,205,185,0.9024,133,966.0,9,8,0.8889,24,16,0.6667,6,14,9,0,0,1001.7,12,14,10
948786,2026-02-07,2026,7,Kubota Spears,Urayasu D-Rocks,Y,48,14,W,8,142,127,0.8944,139,931.0,13,10,0.7692,88,88,1.0,11,11,6,0,0,1127.4,9,19,8
948787,2026-02-07,2026,7,Mie Honda Heat,Toshiba Brave Lupus Tokyo,Y,44,38,W,6,146,121,0.8288,106,849.0,13,12,0.9231,72,64,0.8889,10,11,6,1,0,919.9,9,10,6
948783,2026-02-07,2026,7,Saitama Wild Knights,BlackRams Tokyo,N,13,6,W,1,240,218,0.9083,95,580.0,19,14,0.7368,32,32,1.0,14,18,11,0,0,994.5,3,11,1
948785,2026-02-07,2026,7,Shizuoka BlueRevs,Kobelco Kobe Steelers,N,45,60,L,7,213,166,0.7793,136,972.0,11,11,1.0,40,40,1.0,14,6,10,0,0,939.2,9,11,7
948787,2026-02-07,2026,7,Toshiba Brave Lupus Tokyo,Mie Honda Heat,N,38,44,L,6,169,138,0.8166,113,886.0,9,6,0.6667,40,40,1.0,11,10,12,0,0,948.6,9,9,6
948784,2026-02-07,2026,7,Toyota Verblitz,Yokohama Canon Eagles,Y,14,20,L,2,139,119,0.8561,129,847.0,13,13,1.0,64,64,1.0,19,11,12,0,0,1100.3,9,11,2
948786,2026-02-07,2026,7,Urayasu D-Rocks,Kubota Spears,N,14,48,L,2,200,177,0.885,88,515.0,14,10,0.7143,40,24,0.6,11,11,13,2,0,800.9,2,5,2
948784,2026-02-07,2026,7,Yokohama Canon Eagles,Toyota Verblitz,N,20,14,W,2,240,207,0.8625,75,534.0,8,7,0.875,120,120,1.0,11,19,14,0,0,777.6,4,8,2
948791,2026-02-14,2026,8,BlackRams Tokyo,Yokohama Canon Eagles,N,53,31,W,8,157,122,0.7771,107,759.0,14,14,1.0,112,112,1.0,7,14,3,0,0,1031.1,9,12,8
948790,2026-02-14,2026,8,Kubota Spears,Shizuoka BlueRevs,N,42,19,W,6,166,143,0.8614,134,1100.0,17,15,0.8824,48,48,1.0,23,19,11,1,0,1045.7,8,18,6
948792,2026-02-14,2026,8,Mie Honda Heat,Mitsubishi Sagamihara Dynaboars,N,34,44,L,6,153,130,0.8497,141,882.0,16,15,0.9375,40,32,0.8,12,9,11,1,0,1184.0,9,9,6
948792,2026-02-14,2026,8,Mitsubishi Sagamihara Dynaboars,Mie Honda Heat,Y,44,34,W,7,231,199,0.8615,101,703.0,19,16,0.8421,8,8,1.0,9,12,8,0,0,901.2,13,12,7
948789,2026-02-14,2026,8,Saitama Wild Knights,Toyota Verblitz,Y,26,20,W,4,228,197,0.864,142,946.0,16,13,0.8125,24,16,0.6667,10,7,12,0,0,1115.0,5,11,4
948790,2026-02-14,2026,8,Shizuoka BlueRevs,Kubota Spears,Y,19,42,L,3,191,163,0.8534,110,741.0,22,16,0.7273,80,80,1.0,19,23,11,1,0,896.7,5,9,3
948794,2026-02-14,2026,8,Tokyo Sungoliath,Urayasu D-Rocks,N,41,19,W,6,221,201,0.9095,112,916.0,11,11,1.0,80,56,0.7,9,20,12,1,0,957.6,8,11,6
948789,2026-02-14,2026,8,Toyota Verblitz,Saitama Wild Knights,N,20,26,L,2,177,151,0.8531,146,1000.0,17,13,0.7647,56,48,0.8571,7,10,10,0,0,1217.6,5,8,2
948794,2026-02-14,2026,8,Urayasu D-Rocks,Tokyo Sungoliath,Y,19,41,L,3,166,131,0.7892,156,1208.0,16,13,0.8125,40,24,0.6,20,9,7,0,0,1178.7,6,12,3
948791,2026-02-14,2026,8,Yokohama Canon Eagles,BlackRams Tokyo,Y,31,53,L,5,161,136,0.8447,112,992.0,13,9,0.6923,24,24,1.0,14,7,12,0,0,855.0,8,9,5
948793,2026-02-15,2026,8,Kobelco Kobe Steelers,Toshiba Brave Lupus Tokyo,N,34,33,W,5,178,154,0.8652,90,667.0,15,13,0.8667,80,72,0.9,8,13,12,2,0,734.7,6,11,5
948793,2026-02-15,2026,8,Toshiba Brave Lupus Tokyo,Kobelco Kobe Steelers,Y,33,34,L,5,123,106,0.8618,140,1030.0,15,11,0.7333,40,40,1.0,13,8,10,0,0,1014.6,10,7,5
948796,2026-02-21,2026,9,BlackRams Tokyo,Urayasu D-Rocks,Y,41,19,W,6,159,136,0.8553,142,809.0,15,14,0.9333,48,48,1.0,9,12,9,1,0,1110.2,8,15,6
948798,2026-02-21,2026,9,Kobelco Kobe Steelers,Saitama Wild Knights,Y,40,24,W,6,157,146,0.9299,122,863.0,16,14,0.875,88,64,0.7273,12,19,10,0,0,1100.8,7,7,6
948795,2026-02-21,2026,9,Kubota Spears,Mitsubishi Sagamihara Dynaboars,Y,26,10,W,4,189,170,0.8995,99,748.0,16,16,1.0,40,24,0.6,13,6,15,2,0,932.9,9,13,4
948795,2026-02-21,2026,9,Mitsubishi Sagamihara Dynaboars,Kubota Spears,N,10,26,L,1,174,141,0.8103,113,665.0,23,19,0.8261,64,48,0.75,6,13,12,0,0,1043.5,7,10,1
948798,2026-02-21,2026,9,Saitama Wild Knights,Kobelco Kobe Steelers,N,24,40,L,4,198,179,0.904,107,809.0,11,11,1.0,64,64,1.0,19,12,6,0,0,892.6,5,9,4
948797,2026-02-21,2026,9,Toshiba Brave Lupus Tokyo,Toyota Verblitz,N,21,52,L,3,181,154,0.8508,99,785.0,12,10,0.8333,55,39,0.7091,15,7,13,1,0,940.0,8,9,3
948797,2026-02-21,2026,9,Toyota Verblitz,Toshiba Brave Lupus Tokyo,Y,52,21,W,6,151,122,0.8079,112,775.0,10,10,1.0,56,56,1.0,7,15,10,0,0,964.5,9,12,6
948796,2026-02-21,2026,9,Urayasu D-Rocks,BlackRams Tokyo,N,19,41,L,3,195,167,0.8564,94,643.0,17,13,0.7647,55,39,0.7091,12,9,11,1,0,833.5,6,8,3
948799,2026-02-22,2026,9,Mie Honda Heat,Shizuoka BlueRevs,Y,26,21,W,4,250,210,0.84,115,838.0,16,14,0.875,56,56,1.0,19,16,9,1,0,871.9,5,8,4
948799,2026-02-22,2026,9,Shizuoka BlueRevs,Mie Honda Heat,N,21,26,L,3,132,114,0.8636,153,1036.0,12,11,0.9167,56,48,0.8571,16,19,8,0,0,1207.2,8,13,3
948800,2026-02-22,2026,9,Tokyo Sungoliath,Yokohama Canon Eagles,Y,54,22,W,8,153,130,0.8497,161,1263.0,14,13,0.9286,63,55,0.873,9,16,6,0,1,1268.4,17,10,8
948800,2026-02-22,2026,9,Yokohama Canon Eagles,Tokyo Sungoliath,N,22,54,L,3,239,195,0.8159,95,776.0,9,6,0.6667,40,32,0.8,16,9,13,2,0,805.9,7,7,3
948801,2026-02-28,2026,10,BlackRams Tokyo,Toshiba Brave Lupus Tokyo,N,33,14,W,3,127,107,0.8425,122,837.0,15,14,0.9333,80,80,1.0,11,14,8,0,0,1077.6,9,14,3
948806,2026-02-28,2026,10,Kobelco Kobe Steelers,Urayasu D-Rocks,N,78,19,W,12,153,130,0.8497,157,1561.0,10,10,1.0,48,48,1.0,16,16,8,0,0,1206.8,15,15,12
948802,2026-02-28,2026,10,Mie Honda Heat,Saitama Wild Knights,N,19,66,L,3,209,167,0.799,105,709.0,10,7,0.7,80,56,0.7,13,17,10,0,0,826.5,5,11,3
948802,2026-02-28,2026,10,Saitama Wild Knights,Mie Honda Heat,Y,66,19,W,9,147,126,0.8571,145,1154.0,7,7,1.0,64,56,0.875,17,13,7,0,0,1093.4,11,17,9
948801,2026-02-28,2026,10,Toshiba Brave Lupus Tokyo,BlackRams Tokyo,Y,14,33,L,2,159,145,0.9119,100,698.0,10,9,0.9,54,30,0.5556,14,11,19,2,0,767.2,2,6,2
948806,2026-02-28,2026,10,Urayasu D-Rocks,Kobelco Kobe Steelers,Y,19,78,L,3,228,186,0.8158,102,844.0,10,9,0.9,88,80,0.9091,16,16,10,1,0,780.7,8,9,3
948804,2026-03-01,2026,10,Kubota Spears,Yokohama Canon Eagles,N,28,10,W,4,99,73,0.7374,133,719.0,16,16,1.0,96,88,0.9167,17,17,11,0,0,1021.8,6,15,4
948805,2026-03-01,2026,10,Mitsubishi Sagamihara Dynaboars,Toyota Verblitz,Y,29,31,L,5,195,164,0.841,97,576.0,12,10,0.8333,64,48,0.75,10,10,6,0,0,935.6,3,11,5
948803,2026-03-01,2026,10,Shizuoka BlueRevs,Tokyo Sungoliath,Y,24,57,L,4,165,144,0.8727,113,947.0,16,11,0.6875,24,16,0.6667,15,6,13,1,0,858.4,7,7,4
948803,2026-03-01,2026,10,Tokyo Sungoliath,Shizuoka BlueRevs,N,57,24,W,9,184,151,0.8207,112,826.0,17,17,1.0,56,48,0.8571,6,15,6,0,0,1063.9,8,12,9
948805,2026-03-01,2026,10,Toyota Verblitz,Mitsubishi Sagamihara Dynaboars,N,31,29,W,4,161,140,0.8696,123,730.0,10,9,0.9,32,32,1.0,10,10,7,0,0,1140.2,4,7,4
948804,2026-03-01,2026,10,Yokohama Canon Eagles,Kubota Spears,Y,10,28,L,2,212,187,0.8821,64,602.0,13,13,1.0,72,72,1.0,17,17,15,0,0,642.6,7,7,2
948788,2026-03-07,2026,7,Mitsubishi Sagamihara Dynaboars,Tokyo Sungoliath,N,34,15,W,5,189,164,0.8677,85,545.0,15,13,0.8667,46,46,1.0,14,15,13,2,0,855.5,4,12,5
948788,2026-03-07,2026,7,Tokyo Sungoliath,Mitsubishi Sagamihara Dynaboars,Y,15,34,L,3,134,108,0.806,133,822.0,18,17,0.9444,64,40,0.625,15,14,9,0,0,1163.2,2,9,3
948808,2026-03-14,2026,11,BlackRams Tokyo,Shizuoka BlueRevs,Y,37,33,W,5,215,176,0.8186,126,958.0,14,11,0.7857,48,40,0.8333,9,14,6,1,0,1024.8,7,9,5
948810,2026-03-14,2026,11,Kobelco Kobe Steelers,Mitsubishi Sagamihara Dynaboars,Y,61,10,W,9,190,173,0.9105,135,1120.0,14,12,0.8571,24,24,1.0,14,8,11,1,0,999.5,14,13,9
948809,2026-03-14,2026,11,Kubota Spears,Saitama Wild Knights,Y,30,32,L,3,190,163,0.8579,117,685.0,12,10,0.8333,62,62,1.0,6,12,5,1,0,1076.9,6,6,3
948807,2026-03-14,2026,11,Mie Honda Heat,Yokohama Canon Eagles,Y,26,31,L,4,169,143,0.8462,120,870.0,18,16,0.8889,40,40,1.0,12,11,10,0,0,1071.9,5,11,4
948810,2026-03-14,2026,11,Mitsubishi Sagamihara Dynaboars,Kobelco Kobe Steelers,N,10,61,L,2,196,174,0.8878,119,700.0,11,9,0.8182,88,80,0.9091,8,14,18,2,0,965.1,3,10,2
948809,2026-03-14,2026,11,Saitama Wild Knights,Kubota Spears,N,32,30,W,4,209,181,0.866,134,861.0,6,5,0.8333,56,48,0.8571,12,6,10,0,0,1028.5,9,8,4
948808,2026-03-14,2026,11,Shizuoka BlueRevs,BlackRams Tokyo,N,33,37,L,5,154,136,0.8831,142,1391.0,12,9,0.75,16,16,1.0,14,9,13,0,0,1052.4,6,17,5
948807,2026-03-14,2026,11,Yokohama Canon Eagles,Mie Honda Heat,N,31,26,W,4,198,177,0.8939,108,729.0,15,13,0.8667,32,24,0.75,11,12,9,1,0,939.5,9,12,4
948812,2026-03-15,2026,11,Tokyo Sungoliath,Toshiba Brave Lupus Tokyo,Y,60,21,W,8,146,130,0.8904,113,1031.0,14,13,0.9286,48,48,1.0,11,11,8,0,0,974.6,11,13,8
948812,2026-03-15,2026,11,Toshiba Brave Lupus Tokyo,Tokyo Sungoliath,N,21,60,L,3,162,130,0.8025,101,659.0,17,12,0.7059,48,24,0.5,11,11,13,0,0,859.6,5,7,3
948811,2026-03-15,2026,11,Toyota Verblitz,Urayasu D-Rocks,Y,59,19,W,9,179,137,0.7654,122,991.0,14,12,0.8571,40,40,1.0,13,15,10,0,0,998.4,10,15,9
948811,2026-03-15,2026,11,Urayasu D-Rocks,Toyota Verblitz,N,19,59,L,3,212,186,0.8774,113,903.0,10,9,0.9,48,48,1.0,15,13,10,0,0,938.4,12,10,3
948813,2026-03-20,2026,12,Kobelco Kobe Steelers,Yokohama Canon Eagles,Y,29,38,L,5,166,148,0.8916,133,896.0,15,15,1.0,56,56,1.0,17,9,11,1,0,1079.8,8,11,5
948813,2026-03-20,2026,12,Yokohama Canon Eagles,Kobelco Kobe Steelers,N,38,29,W,5,204,179,0.8775,97,605.0,12,12,1.0,72,64,0.8889,9,17,11,0,0,762.1,3,10,5
948815,2026-03-21,2026,12,BlackRams Tokyo,Saitama Wild Knights,N,7,31,L,1,185,154,0.8324,112,609.0,19,15,0.7895,56,56,1.0,16,14,11,0,0,1003.8,4,9,1
948818,2026-03-21,2026,12,Kubota Spears,Urayasu D-Rocks,N,59,35,W,9,171,147,0.8596,128,1082.0,7,7,1.0,24,24,1.0,13,5,6,0,0,958.6,14,14,9
948814,2026-03-21,2026,12,Mitsubishi Sagamihara Dynaboars,Tokyo Sungoliath,Y,35,32,W,5,262,220,0.8397,62,498.0,17,15,0.8824,56,48,0.8571,8,10,10,2,0,757.4,5,8,5
948815,2026-03-21,2026,12,Saitama Wild Knights,BlackRams Tokyo,Y,31,7,W,5,133,122,0.9173,111,841.0,12,9,0.75,80,64,0.8,14,16,14,1,0,1061.0,8,10,5
948814,2026-03-21,2026,12,Tokyo Sungoliath,Mitsubishi Sagamihara Dynaboars,N,32,35,L,5,99,79,0.798,186,1222.0,16,16,1.0,48,48,1.0,10,8,7,1,0,1436.4,8,8,5
948818,2026-03-21,2026,12,Urayasu D-Rocks,Kubota Spears,Y,35,59,L,5,203,170,0.8374,109,741.0,13,11,0.8462,67,67,1.0,5,13,8,0,0,957.8,5,8,5
948816,2026-03-22,2026,12,Mie Honda Heat,Toshiba Brave Lupus Tokyo,N,24,22,W,3,165,146,0.8848,90,689.0,17,16,0.9412,72,64,0.8889,10,14,13,0,0,871.2,2,6,3
948817,2026-03-22,2026,12,Shizuoka BlueRevs,Toyota Verblitz,N,34,24,W,5,275,232,0.8436,93,587.0,13,12,0.9231,72,64,0.8889,10,16,13,0,0,823.0,7,13,5
948816,2026-03-22,2026,12,Toshiba Brave Lupus Tokyo,Mie Honda Heat,Y,22,24,L,3,156,134,0.859,112,846.0,18,14,0.7778,48,48,1.0,14,10,11,1,0,968.0,5,11,3
948817,2026-03-22,2026,12,Toyota Verblitz,Shizuoka BlueRevs,Y,24,34,L,4,145,124,0.8552,155,994.0,15,13,0.8667,47,39,0.8298,16,10,11,2,0,1179.7,10,11,4
948819,2026-03-28,2026,13,Kobelco Kobe Steelers,Shizuoka BlueRevs,N,41,20,W,6,153,136,0.8889,91,704.0,13,11,0.8462,79,63,0.7975,14,15,13,1,0,714.3,9,11,6
948821,2026-03-28,2026,13,Kubota Spears,Toshiba Brave Lupus Tokyo,Y,51,7,W,7,149,131,0.8792,102,799.0,14,14,1.0,64,64,1.0,15,15,7,0,0,911.9,10,12,7
948820,2026-03-28,2026,13,Saitama Wild Knights,Tokyo Sungoliath,N,36,34,W,5,171,142,0.8304,152,1041.0,13,12,0.9231,56,48,0.8571,13,6,11,0,0,1290.7,5,12,5
948819,2026-03-28,2026,13,Shizuoka BlueRevs,Kobelco Kobe Steelers,Y,20,41,L,3,152,129,0.8487,101,646.0,17,15,0.8824,120,112,0.9333,15,14,8,0,0,832.1,2,10,3
948820,2026-03-28,2026,13,Tokyo Sungoliath,Saitama Wild Knights,Y,34,36,L,3,244,215,0.8811,108,754.0,12,11,0.9167,39,39,1.0,6,13,10,1,0,1021.7,6,8,3
948821,2026-03-28,2026,13,Toshiba Brave Lupus Tokyo,Kubota Spears,N,7,51,L,1,147,119,0.8095,111,736.0,17,14,0.8235,64,56,0.875,15,15,11,0,0,1024.4,7,7,1
948822,2026-03-28,2026,13,Toyota Verblitz,Yokohama Canon Eagles,N,33,27,W,5,240,206,0.8583,130,1003.0,8,8,1.0,69,63,0.913,13,15,12,2,0,1083.5,5,7,5
948822,2026-03-28,2026,13,Yokohama Canon Eagles,Toyota Verblitz,Y,27,33,L,3,214,184,0.8598,149,1028.0,18,15,0.8333,16,16,1.0,15,13,8,2,0,1166.2,7,19,3
948823,2026-03-29,2026,13,BlackRams Tokyo,Mitsubishi Sagamihara Dynaboars,Y,33,7,W,5,140,120,0.8571,94,881.0,17,15,0.8824,72,72,1.0,15,13,9,1,0,978.7,8,12,5
948824,2026-03-29,2026,13,Mie Honda Heat,Urayasu D-Rocks,N,43,17,W,7,161,134,0.8323,134,1003.0,20,19,0.95,40,24,0.6,9,11,11,0,0,1213.0,5,11,7
948823,2026-03-29,2026,13,Mitsubishi Sagamihara Dynaboars,BlackRams Tokyo,N,7,33,L,1,114,95,0.8333,94,650.0,11,9,0.8182,104,96,0.9231,13,15,15,0,0,917.5,3,4,1
948824,2026-03-29,2026,13,Urayasu D-Rocks,Mie Honda Heat,Y,17,43,L,2,243,211,0.8683,98,855.0,14,12,0.8571,40,24,0.6,11,9,14,0,0,868.8,7,10,2
948827,2026-04-04,2026,14,Kubota Spears,Toyota Verblitz,N,7,24,L,1,168,145,0.8631,126,821.0,18,15,0.8333,56,56,1.0,19,12,4,0,0,1096.6,3,13,1
948828,2026-04-04,2026,14,Mie Honda Heat,Tokyo Sungoliath,Y,24,17,W,4,231,207,0.8961,72,266.0,15,13,0.8667,72,72,1.0,7,17,10,1,0,842.8,2,7,4
948825,2026-04-04,2026,14,Mitsubishi Sagamihara Dynaboars,Shizuoka BlueRevs,Y,41,45,L,5,176,152,0.8636,77,413.0,13,11,0.8462,56,48,0.8571,8,9,15,1,0,821.0,5,9,5
948826,2026-04-04,2026,14,Saitama Wild Knights,Yokohama Canon Eagles,Y,42,15,W,6,137,111,0.8102,121,857.0,20,18,0.9,80,72,0.9,18,18,7,0,0,1148.9,8,15,6
948825,2026-04-04,2026,14,Shizuoka BlueRevs,Mitsubishi Sagamihara Dynaboars,N,45,41,W,7,116,97,0.8362,114,793.0,17,12,0.7059,72,56,0.7778,9,8,13,1,0,948.0,12,12,7
948828,2026-04-04,2026,14,Tokyo Sungoliath,Mie Honda Heat,N,17,24,L,2,100,92,0.92,136,739.0,18,17,0.9444,80,80,1.0,17,7,4,0,0,1266.7,3,13,2
948827,2026-04-04,2026,14,Toyota Verblitz,Kubota Spears,Y,24,7,W,4,193,158,0.8187,116,755.0,10,9,0.9,120,120,1.0,12,19,9,0,0,939.8,1,7,4
948826,2026-04-04,2026,14,Yokohama Canon Eagles,Saitama Wild Knights,N,15,42,L,2,205,172,0.839,93,529.0,14,10,0.7143,66,66,1.0,18,18,8,1,0,793.3,3,4,2
948830,2026-04-05,2026,14,BlackRams Tokyo,Kobelco Kobe Steelers,Y,19,40,L,3,123,98,0.7967,146,872.0,23,19,0.8261,56,56,1.0,15,7,5,0,0,1194.4,4,10,3
948830,2026-04-05,2026,14,Kobelco Kobe Steelers,BlackRams Tokyo,N,40,19,W,6,231,210,0.9091,85,635.0,8,7,0.875,72,64,0.8889,7,15,18,0,0,804.4,5,7,6
948829,2026-04-05,2026,14,Toshiba Brave Lupus Tokyo,Urayasu D-Rocks,Y,40,24,W,6,154,127,0.8247,105,724.0,16,16,1.0,40,40,1.0,9,14,8,0,0,1106.5,6,9,6
948829,2026-04-05,2026,14,Urayasu D-Rocks,Toshiba Brave Lupus Tokyo,N,24,40,L,4,147,129,0.8776,100,858.0,16,15,0.9375,40,40,1.0,14,9,9,1,0,906.6,9,10,4
948831,2026-04-17,2026,15,BlackRams Tokyo,Mie Honda Heat,N,49,5,W,8,158,128,0.8101,135,701.0,14,13,0.9286,72,64,0.8889,8,16,7,1,0,1082.3,12,14,8
948831,2026-04-17,2026,15,Mie Honda Heat,BlackRams Tokyo,Y,5,49,L,1,189,164,0.8677,102,745.0,13,11,0.8462,40,32,0.8,16,8,12,0,0,852.3,6,9,1
948834,2026-04-18,2026,15,Kobelco Kobe Steelers,Toyota Verblitz,N,38,24,W,6,154,127,0.8247,126,1085.0,11,10,0.9091,48,40,0.8333,16,13,17,2,0,1101.5,14,14,6
948835,2026-04-18,2026,15,Kubota Spears,Tokyo Sungoliath,N,27,22,W,4,269,235,0.8736,91,680.0,17,14,0.8235,40,40,1.0,13,8,11,1,0,753.1,8,11,4
948836,2026-04-18,2026,15,Mitsubishi Sagamihara Dynaboars,Toshiba Brave Lupus Tokyo,Y,26,45,L,4,196,155,0.7908,67,475.0,8,7,0.875,72,72,1.0,11,14,11,1,0,622.7,6,7,4
948832,2026-04-18,2026,15,Saitama Wild Knights,Shizuoka BlueRevs,N,34,24,W,4,138,127,0.9203,93,707.0,22,20,0.9091,64,64,1.0,12,11,14,0,0,858.6,9,12,4
948832,2026-04-18,2026,15,Shizuoka BlueRevs,Saitama Wild Knights,Y,24,34,L,3,159,138,0.8679,85,651.0,14,14,1.0,72,64,0.8889,11,12,18,0,0,783.2,0,8,3
948835,2026-04-18,2026,15,Tokyo Sungoliath,Kubota Spears,Y,22,27,L,3,110,94,0.8545,154,1131.0,19,18,0.9474,40,40,1.0,8,13,14,0,0,1302.6,6,10,3
948836,2026-04-18,2026,15,Toshiba Brave Lupus Tokyo,Mitsubishi Sagamihara Dynaboars,N,45,26,W,7,94,85,0.9043,134,1231.0,19,17,0.8947,56,56,1.0,14,11,8,0,0,1067.3,15,14,7
948834,2026-04-18,2026,15,Toyota Verblitz,Kobelco Kobe Steelers,Y,24,38,L,3,197,155,0.7868,107,668.0,20,15,0.75,64,64,1.0,13,16,6,0,0,937.7,5,11,3
948833,2026-04-18,2026,15,Urayasu D-Rocks,Yokohama Canon Eagles,N,15,33,L,2,224,187,0.8348,107,647.0,16,15,0.9375,78,78,1.0,11,12,7,1,0,946.3,4,5,2
948833,2026-04-18,2026,15,Yokohama Canon Eagles,Urayasu D-Rocks,Y,33,15,W,5,146,132,0.9041,139,1007.0,19,13,0.6842,40,32,0.8,12,11,10,0,0,1060.7,9,14,5
948837,2026-04-24,2026,16,Shizuoka BlueRevs,Urayasu D-Rocks,N,49,26,W,7,245,202,0.8245,116,802.0,9,9,1.0,88,80,0.9091,8,14,11,0,0,871.8,9,11,7
948837,2026-04-24,2026,16,Urayasu D-Rocks,Shizuoka BlueRevs,Y,26,49,L,4,180,146,0.8111,144,1171.0,15,11,0.7333,48,40,0.8333,14,8,12,0,0,1183.6,12,18,4
948841,2026-04-25,2026,16,Kobelco Kobe Steelers,Tokyo Sungoliath,Y,49,28,W,7,248,234,0.9435,117,939.0,16,13,0.8125,24,24,1.0,8,10,13,2,0,931.3,7,9,7
948842,2026-04-25,2026,16,Kubota Spears,Mie Honda Heat,Y,54,21,W,9,151,132,0.8742,144,970.0,12,12,1.0,120,120,1.0,8,13,9,0,0,1166.4,11,14,9
948842,2026-04-25,2026,16,Mie Honda Heat,Kubota Spears,N,21,54,L,3,236,204,0.8644,102,717.0,13,12,0.9231,48,40,0.8333,13,8,10,0,0,845.3,4,10,3
948838,2026-04-25,2026,16,Mitsubishi Sagamihara Dynaboars,Saitama Wild Knights,N,19,57,L,3,164,133,0.811,112,735.0,17,10,0.5882,48,48,1.0,14,12,8,0,0,1210.2,4,7,3
948838,2026-04-25,2026,16,Saitama Wild Knights,Mitsubishi Sagamihara Dynaboars,Y,57,19,W,9,183,161,0.8798,103,871.0,15,12,0.8,48,40,0.8333,12,14,6,0,0,973.5,12,12,9
948841,2026-04-25,2026,16,Tokyo Sungoliath,Kobelco Kobe Steelers,N,28,49,L,4,172,153,0.8895,157,993.0,19,15,0.7895,24,24,1.0,10,8,12,0,0,1185.3,2,12,4
948839,2026-04-25,2026,16,Toshiba Brave Lupus Tokyo,Yokohama Canon Eagles,Y,26,50,L,4,132,108,0.8182,93,667.0,11,8,0.7273,48,24,0.5,10,10,12,1,0,734.3,7,10,4
948839,2026-04-25,2026,16,Yokohama Canon Eagles,Toshiba Brave Lupus Tokyo,N,50,26,W,8,131,109,0.8321,90,742.0,17,13,0.7647,72,72,1.0,10,10,10,0,0,879.2,8,12,8
948840,2026-04-26,2026,16,BlackRams Tokyo,Toyota Verblitz,Y,28,40,L,4,213,170,0.7981,115,684.0,14,10,0.7143,64,64,1.0,20,15,10,1,0,948.6,10,11,4
948840,2026-04-26,2026,16,Toyota Verblitz,BlackRams Tokyo,N,40,28,W,6,193,165,0.8549,121,950.0,15,13,0.8667,47,39,0.8298,15,20,12,1,0,985.0,10,12,6
948843,2026-05-01,2026,17,Saitama Wild Knights,Urayasu D-Rocks,N,24,27,L,4,181,148,0.8177,141,1053.0,12,9,0.75,56,48,0.8571,20,11,5,0,0,1296.7,7,10,4
948843,2026-05-01,2026,17,Urayasu D-Rocks,Saitama Wild Knights,Y,27,24,W,4,260,212,0.8154,100,786.0,13,10,0.7692,80,80,1.0,11,20,6,0,0,985.8,11,6,4
948847,2026-05-02,2026,17,Kobelco Kobe Steelers,Mie Honda Heat,Y,24,19,W,4,154,124,0.8052,102,846.0,21,17,0.8095,71,71,1.0,10,11,11,1,0,834.6,12,9,4
948847,2026-05-02,2026,17,Mie Honda Heat,Kobelco Kobe Steelers,N,19,24,L,3,154,128,0.8312,108,834.0,15,12,0.8,71,71,1.0,11,10,15,1,0,826.2,6,9,3
948845,2026-05-02,2026,17,Shizuoka BlueRevs,Toshiba Brave Lupus Tokyo,N,29,35,L,4,133,108,0.812,122,791.0,11,8,0.7273,64,56,0.875,10,15,13,0,0,925.9,6,11,4
948844,2026-05-02,2026,17,Tokyo Sungoliath,Toyota Verblitz,N,54,38,W,8,263,211,0.8023,110,828.0,13,11,0.8462,40,40,1.0,11,13,7,1,0,870.7,10,13,8
948845,2026-05-02,2026,17,Toshiba Brave Lupus Tokyo,Shizuoka BlueRevs,Y,35,29,W,4,200,167,0.835,91,663.0,15,11,0.7333,32,32,1.0,15,10,12,0,0,783.9,5,7,4
948844,2026-05-02,2026,17,Toyota Verblitz,Tokyo Sungoliath,Y,38,54,L,6,165,142,0.8606,172,1272.0,10,10,1.0,40,40,1.0,13,11,10,0,0,1285.0,10,8,6
948848,2026-05-03,2026,17,BlackRams Tokyo,Kubota Spears,Y,8,52,L,1,118,91,0.7712,110,677.0,9,8,0.8889,80,72,0.9,10,14,13,1,0,912.8,5,4,1
948848,2026-05-03,2026,17,Kubota Spears,BlackRams Tokyo,N,52,8,W,8,178,154,0.8652,105,898.0,18,16,0.8889,80,72,0.9,14,10,7,0,0,835.8,11,12,8
948846,2026-05-03,2026,17,Mitsubishi Sagamihara Dynaboars,Yokohama Canon Eagles,N,22,31,L,4,165,139,0.8424,72,386.0,22,17,0.7727,48,48,1.0,9,10,13,2,0,846.2,5,11,4
948846,2026-05-03,2026,17,Yokohama Canon Eagles,Mitsubishi Sagamihara Dynaboars,Y,31,22,W,4,124,110,0.8871,119,814.0,13,10,0.7692,56,48,0.8571,10,9,16,1,0,984.3,9,9,4
948851,2026-05-09,2026,18,Mie Honda Heat,Toyota Verblitz,Y,38,26,W,6,347,284,0.8184,58,494.0,13,10,0.7692,56,56,1.0,9,19,16,2,0,628.1,6,8,6
948849,2026-05-09,2026,18,Saitama Wild Knights,Toshiba Brave Lupus Tokyo,Y,45,0,W,7,120,104,0.8667,101,841.0,13,12,0.9231,112,104,0.9286,14,17,9,0,0,1000.5,7,17,7
948850,2026-05-09,2026,18,Shizuoka BlueRevs,Yokohama Canon Eagles,Y,42,15,W,6,143,117,0.8182,112,869.0,17,16,0.9412,110,86,0.7818,17,18,14,0,0,766.4,10,14,6
948849,2026-05-09,2026,18,Toshiba Brave Lupus Tokyo,Saitama Wild Knights,N,0,45,L,0,183,162,0.8852,70,520.0,10,7,0.7,80,56,0.7,17,14,18,0,0,598.2,3,2,0
948851,2026-05-09,2026,18,Toyota Verblitz,Mie Honda Heat,N,26,38,L,4,96,79,0.8229,202,1481.0,16,14,0.875,72,72,1.0,19,9,7,0,0,1480.2,16,16,4
948850,2026-05-09,2026,18,Yokohama Canon Eagles,Shizuoka BlueRevs,N,15,42,L,3,120,91,0.7583,105,870.0,16,13,0.8125,63,47,0.746,18,17,20,2,0,805.7,7,11,3
948853,2026-05-10,2026,18,BlackRams Tokyo,Tokyo Sungoliath,N,22,39,L,3,166,136,0.8193,119,949.0,21,18,0.8571,64,64,1.0,11,11,10,1,0,1127.3,10,11,3
948852,2026-05-10,2026,18,Kobelco Kobe Steelers,Kubota Spears,N,24,19,W,3,130,120,0.9231,133,735.0,17,16,0.9412,39,31,0.7949,17,8,10,2,0,974.2,6,9,3
948852,2026-05-10,2026,18,Kubota Spears,Kobelco Kobe Steelers,Y,19,24,L,3,203,180,0.8867,80,490.0,14,11,0.7857,64,56,0.875,8,17,14,1,0,750.4,3,7,3
948854,2026-05-10,2026,18,Mitsubishi Sagamihara Dynaboars,Urayasu D-Rocks,Y,22,29,L,3,172,148,0.8605,135,1001.0,12,11,0.9167,64,64,1.0,9,18,12,0,0,970.3,4,8,3
948853,2026-05-10,2026,18,Tokyo Sungoliath,BlackRams Tokyo,Y,39,22,W,5,197,175,0.8883,100,972.0,19,17,0.8947,16,16,1.0,11,11,9,0,0,905.6,10,9,5
948854,2026-05-10,2026,18,Urayasu D-Rocks,Mitsubishi Sagamihara Dynaboars,N,29,22,W,4,216,190,0.8796,100,864.0,12,10,0.8333,72,64,0.8889,18,9,8,0,0,891.7,11,7,4
948855,2026-05-23,2026,19,BlackRams Tokyo,Tokyo Sungoliath,N,35,40,L,5,146,122,0.8356,117,685.0,12,12,1.0,64,64,1.0,11,8,12,2,0,917.7,9,10,5
948855,2026-05-23,2026,19,Tokyo Sungoliath,BlackRams Tokyo,Y,40,35,W,5,159,143,0.8994,93,706.0,20,19,0.95,40,32,0.8,8,11,14,1,0,841.4,7,9,5
948856,2026-05-24,2026,19,Kubota Spears,Toshiba Brave Lupus Tokyo,Y,26,3,W,4,129,115,0.8915,137,789.0,22,22,1.0,48,48,1.0,17,15,5,0,0,1079.2,14,18,4
948856,2026-05-24,2026,19,Toshiba Brave Lupus Tokyo,Kubota Spears,N,3,26,L,0,196,174,0.8878,81,502.0,12,12,1.0,72,64,0.8889,15,17,16,0,0,779.2,6,6,0
948857,2026-05-30,2026,20,Kobelco Kobe Steelers,Tokyo Sungoliath,Y,69,23,W,11,146,127,0.8699,139,1151.0,14,14,1.0,64,64,1.0,5,13,11,0,0,1040.2,11,14,11
948857,2026-05-30,2026,20,Tokyo Sungoliath,Kobelco Kobe Steelers,N,23,69,L,2,208,170,0.8173,89,624.0,10,8,0.8,31,31,1.0,13,5,11,2,0,728.7,4,9,2
948858,2026-05-31,2026,20,Kubota Spears,Saitama Wild Knights,N,26,24,W,2,156,139,0.891,94,713.0,16,15,0.9375,32,24,0.75,9,11,12,1,0,949.8,5,7,2
948858,2026-05-31,2026,20,Saitama Wild Knights,Kubota Spears,Y,24,26,L,4,149,134,0.8993,93,653.0,17,15,0.8824,64,56,0.875,11,9,13,1,0,849.6,5,6,4
948859,2026-06-06,2026,21,Saitama Wild Knights,Tokyo Sungoliath,N,26,19,W,4,193,161,0.8342,90,723.0,14,10,0.7143,104,96,0.9231,14,22,12,0,0,868.8,7,10,4
948859,2026-06-06,2026,21,Tokyo Sungoliath,Saitama Wild Knights,Y,19,26,L,3,127,104,0.8189,133,1026.0,21,16,0.7619,72,64,0.8889,22,14,7,1,0,1160.8,9,9,3
948860,2026-06-07,2026,22,Kobelco Kobe Steelers,Kubota Spears,Y,22,13,W,1,150,136,0.9067,120,740.0,14,10,0.7143,56,48,0.8571,10,13,8,0,0,1027.2,5,10,1
948860,2026-06-07,2026,22,Kubota Spears,Kobelco Kobe Steelers,N,13,22,L,1,201,175,0.8706,111,664.0,12,9,0.75,48,48,1.0,13,10,16,0,0,897.8,3,7,1
